-- MySQL dump 10.13  Distrib 5.6.24, for osx10.8 (x86_64)
--
-- Host: 127.0.0.1    Database: ifs
-- ------------------------------------------------------
-- Server version	5.6.25

/*!40101 SET @OLD_CHARACTER_SET_CLIENT=@@CHARACTER_SET_CLIENT */;
/*!40101 SET @OLD_CHARACTER_SET_RESULTS=@@CHARACTER_SET_RESULTS */;
/*!40101 SET @OLD_COLLATION_CONNECTION=@@COLLATION_CONNECTION */;
/*!40101 SET NAMES utf8 */;
/*!40103 SET @OLD_TIME_ZONE=@@TIME_ZONE */;
/*!40103 SET TIME_ZONE='+00:00' */;
/*!40014 SET @OLD_UNIQUE_CHECKS=@@UNIQUE_CHECKS, UNIQUE_CHECKS=0 */;
/*!40014 SET @OLD_FOREIGN_KEY_CHECKS=@@FOREIGN_KEY_CHECKS, FOREIGN_KEY_CHECKS=0 */;
/*!40101 SET @OLD_SQL_MODE=@@SQL_MODE, SQL_MODE='NO_AUTO_VALUE_ON_ZERO' */;
/*!40111 SET @OLD_SQL_NOTES=@@SQL_NOTES, SQL_NOTES=0 */;

--
-- Dumping data for table `competition`
--

LOCK TABLES `competition` WRITE;
/*!40000 ALTER TABLE `competition` DISABLE KEYS */;
INSERT  IGNORE INTO `competition` (`id`, `assessment_end_date`, `assessment_start_date`, `description`, `end_date`, `name`, `start_date`, `max_research_ratio`) VALUES (1,'2015-12-31','2015-11-12','Innovate UK is to invest up to £9 million in collaborative research and development to stimulate innovation in integrated transport solutions for local authorities. The aim of this competition is to meet user needs by connecting people and/or goods to transport products and services. New or improved systems will be tested in environment laboratories.','2016-03-16','Technology Inspired','2015-06-24',30);
/*!40000 ALTER TABLE `competition` ENABLE KEYS */;
UNLOCK TABLES;

--
-- Dumping data for table `cost_field`
--

LOCK TABLES `cost_field` WRITE;
/*!40000 ALTER TABLE `cost_field` DISABLE KEYS */;
INSERT  IGNORE INTO `cost_field` (`id`, `title`, `type`) VALUES (1,'country','String');
INSERT  IGNORE INTO `cost_field` (`id`, `title`, `type`) VALUES (2,'existing','String');
INSERT  IGNORE INTO `cost_field` (`id`, `title`, `type`) VALUES (3,'residual_value','BigDecimal');
INSERT  IGNORE INTO `cost_field` (`id`, `title`, `type`) VALUES (4,'utilisation','Integer');
/*!40000 ALTER TABLE `cost_field` ENABLE KEYS */;
UNLOCK TABLES;

--
-- Dumping data for table `form_input`
--

LOCK TABLES `form_input` WRITE;
/*!40000 ALTER TABLE `form_input` DISABLE KEYS */;
INSERT  IGNORE INTO `form_input` (`id`, `word_count`, `form_input_type_id`, `competition_id`, `included_in_application_summary`, `description`) VALUES (1,400,2,1,1,'1. What is the business opportunity that your project addresses?');
INSERT  IGNORE INTO `form_input` (`id`, `word_count`, `form_input_type_id`, `competition_id`, `included_in_application_summary`, `description`) VALUES (2,400,2,1,1,'2. What is the size of the potential market for your project?');
INSERT  IGNORE INTO `form_input` (`id`, `word_count`, `form_input_type_id`, `competition_id`, `included_in_application_summary`, `description`) VALUES (3,400,2,1,1,'3. How will you exploit and market your project?');
INSERT  IGNORE INTO `form_input` (`id`, `word_count`, `form_input_type_id`, `competition_id`, `included_in_application_summary`, `description`) VALUES (4,400,2,1,1,'4. What economic, social and environmental benefits do you expect your project to deliver and when?');
INSERT  IGNORE INTO `form_input` (`id`, `word_count`, `form_input_type_id`, `competition_id`, `included_in_application_summary`, `description`) VALUES (5,400,2,1,1,'5. What technical approach will you use and how will you manage your project?');
INSERT  IGNORE INTO `form_input` (`id`, `word_count`, `form_input_type_id`, `competition_id`, `included_in_application_summary`, `description`) VALUES (6,400,2,1,1,'6. What is innovative about your project?');
INSERT  IGNORE INTO `form_input` (`id`, `word_count`, `form_input_type_id`, `competition_id`, `included_in_application_summary`, `description`) VALUES (7,400,2,1,1,'7. What are the risks (technical, commercial and environmental) to your project\'s success? What is your risk management strategy?');
INSERT  IGNORE INTO `form_input` (`id`, `word_count`, `form_input_type_id`, `competition_id`, `included_in_application_summary`, `description`) VALUES (8,400,2,1,1,'8. Does your project team have the skills, experience and facilities to deliver this project?');
INSERT  IGNORE INTO `form_input` (`id`, `word_count`, `form_input_type_id`, `competition_id`, `included_in_application_summary`, `description`) VALUES (9,400,5,1,1,'Application details');
INSERT  IGNORE INTO `form_input` (`id`, `word_count`, `form_input_type_id`, `competition_id`, `included_in_application_summary`, `description`) VALUES (11,400,2,1,1,'Project summary');
INSERT  IGNORE INTO `form_input` (`id`, `word_count`, `form_input_type_id`, `competition_id`, `included_in_application_summary`, `description`) VALUES (12,400,2,1,1,'Public description');
INSERT  IGNORE INTO `form_input` (`id`, `word_count`, `form_input_type_id`, `competition_id`, `included_in_application_summary`, `description`) VALUES (13,400,2,1,1,'How does your project align with the scope of this competition?');
INSERT  IGNORE INTO `form_input` (`id`, `word_count`, `form_input_type_id`, `competition_id`, `included_in_application_summary`, `description`) VALUES (14,400,4,1,0,'Appendix');
INSERT  IGNORE INTO `form_input` (`id`, `word_count`, `form_input_type_id`, `competition_id`, `included_in_application_summary`, `description`) VALUES (15,400,2,1,1,'9. What will your project cost?');
INSERT  IGNORE INTO `form_input` (`id`, `word_count`, `form_input_type_id`, `competition_id`, `included_in_application_summary`, `description`) VALUES (16,400,2,1,1,'10. How does financial support from Innovate UK and its funding partners add value?');
INSERT  IGNORE INTO `form_input` (`id`, `word_count`, `form_input_type_id`, `competition_id`, `included_in_application_summary`, `description`) VALUES (17,0,4,1,0,'Appendix');
INSERT  IGNORE INTO `form_input` (`id`, `word_count`, `form_input_type_id`, `competition_id`, `included_in_application_summary`, `description`) VALUES (18,0,4,1,0,'Appendix');
INSERT  IGNORE INTO `form_input` (`id`, `word_count`, `form_input_type_id`, `competition_id`, `included_in_application_summary`, `description`) VALUES (20,0,15,1,1,NULL);
INSERT  IGNORE INTO `form_input` (`id`, `word_count`, `form_input_type_id`, `competition_id`, `included_in_application_summary`, `description`) VALUES (21,0,6,1,1,NULL);
INSERT  IGNORE INTO `form_input` (`id`, `word_count`, `form_input_type_id`, `competition_id`, `included_in_application_summary`, `description`) VALUES (22,NULL,6,1,1,NULL);
INSERT  IGNORE INTO `form_input` (`id`, `word_count`, `form_input_type_id`, `competition_id`, `included_in_application_summary`, `description`) VALUES (23,NULL,6,1,1,NULL);
INSERT  IGNORE INTO `form_input` (`id`, `word_count`, `form_input_type_id`, `competition_id`, `included_in_application_summary`, `description`) VALUES (24,NULL,6,1,1,NULL);
INSERT  IGNORE INTO `form_input` (`id`, `word_count`, `form_input_type_id`, `competition_id`, `included_in_application_summary`, `description`) VALUES (25,NULL,6,1,1,NULL);
INSERT  IGNORE INTO `form_input` (`id`, `word_count`, `form_input_type_id`, `competition_id`, `included_in_application_summary`, `description`) VALUES (26,NULL,6,1,1,NULL);
INSERT  IGNORE INTO `form_input` (`id`, `word_count`, `form_input_type_id`, `competition_id`, `included_in_application_summary`, `description`) VALUES (27,NULL,6,1,1,NULL);
INSERT  IGNORE INTO `form_input` (`id`, `word_count`, `form_input_type_id`, `competition_id`, `included_in_application_summary`, `description`) VALUES (28,NULL,8,1,1,'Labour');
INSERT  IGNORE INTO `form_input` (`id`, `word_count`, `form_input_type_id`, `competition_id`, `included_in_application_summary`, `description`) VALUES (29,NULL,9,1,1,'Overheads');
INSERT  IGNORE INTO `form_input` (`id`, `word_count`, `form_input_type_id`, `competition_id`, `included_in_application_summary`, `description`) VALUES (30,NULL,10,1,1,'Materials');
INSERT  IGNORE INTO `form_input` (`id`, `word_count`, `form_input_type_id`, `competition_id`, `included_in_application_summary`, `description`) VALUES (31,NULL,11,1,1,'Capital Usage');
INSERT  IGNORE INTO `form_input` (`id`, `word_count`, `form_input_type_id`, `competition_id`, `included_in_application_summary`, `description`) VALUES (32,NULL,12,1,1,'Sub-contracting costs');
INSERT  IGNORE INTO `form_input` (`id`, `word_count`, `form_input_type_id`, `competition_id`, `included_in_application_summary`, `description`) VALUES (33,NULL,13,1,1,'Travel and subsistence');
INSERT  IGNORE INTO `form_input` (`id`, `word_count`, `form_input_type_id`, `competition_id`, `included_in_application_summary`, `description`) VALUES (34,NULL,14,1,1,'Other costs');
INSERT  IGNORE INTO `form_input` (`id`, `word_count`, `form_input_type_id`, `competition_id`, `included_in_application_summary`, `description`) VALUES (35,NULL,17,1,1,'Other funding');
INSERT  IGNORE INTO `form_input` (`id`, `word_count`, `form_input_type_id`, `competition_id`, `included_in_application_summary`, `description`) VALUES (36,NULL,16,1,1,NULL);
INSERT  IGNORE INTO `form_input` (`id`, `word_count`, `form_input_type_id`, `competition_id`, `included_in_application_summary`, `description`) VALUES (38,0,7,1,1,'Please enter the grant % you wish to claim for this project');
INSERT  IGNORE INTO `form_input` (`id`, `word_count`, `form_input_type_id`, `competition_id`, `included_in_application_summary`, `description`) VALUES (40,NULL,19,1,1,'Organisation Size');
INSERT  IGNORE INTO `form_input` (`id`, `word_count`, `form_input_type_id`, `competition_id`, `included_in_application_summary`, `description`) VALUES (41,0,6,1,1,NULL);
/*!40000 ALTER TABLE `form_input` ENABLE KEYS */;
UNLOCK TABLES;

--
-- Dumping data for table `form_input_validator`
--

LOCK TABLES `form_input_validator` WRITE;
/*!40000 ALTER TABLE `form_input_validator` DISABLE KEYS */;
INSERT  IGNORE INTO `form_input_validator` (`form_input_id`, `form_validator_id`) VALUES (1,2);
INSERT  IGNORE INTO `form_input_validator` (`form_input_id`, `form_validator_id`) VALUES (2,2);
INSERT  IGNORE INTO `form_input_validator` (`form_input_id`, `form_validator_id`) VALUES (3,2);
INSERT  IGNORE INTO `form_input_validator` (`form_input_id`, `form_validator_id`) VALUES (4,2);
INSERT  IGNORE INTO `form_input_validator` (`form_input_id`, `form_validator_id`) VALUES (5,2);
INSERT  IGNORE INTO `form_input_validator` (`form_input_id`, `form_validator_id`) VALUES (6,2);
INSERT  IGNORE INTO `form_input_validator` (`form_input_id`, `form_validator_id`) VALUES (7,2);
INSERT  IGNORE INTO `form_input_validator` (`form_input_id`, `form_validator_id`) VALUES (8,2);
INSERT  IGNORE INTO `form_input_validator` (`form_input_id`, `form_validator_id`) VALUES (11,2);
INSERT  IGNORE INTO `form_input_validator` (`form_input_id`, `form_validator_id`) VALUES (12,2);
INSERT  IGNORE INTO `form_input_validator` (`form_input_id`, `form_validator_id`) VALUES (13,2);
INSERT  IGNORE INTO `form_input_validator` (`form_input_id`, `form_validator_id`) VALUES (15,2);
INSERT  IGNORE INTO `form_input_validator` (`form_input_id`, `form_validator_id`) VALUES (16,2);
INSERT  IGNORE INTO `form_input_validator` (`form_input_id`, `form_validator_id`) VALUES (1,3);
INSERT  IGNORE INTO `form_input_validator` (`form_input_id`, `form_validator_id`) VALUES (2,3);
INSERT  IGNORE INTO `form_input_validator` (`form_input_id`, `form_validator_id`) VALUES (3,3);
INSERT  IGNORE INTO `form_input_validator` (`form_input_id`, `form_validator_id`) VALUES (4,3);
INSERT  IGNORE INTO `form_input_validator` (`form_input_id`, `form_validator_id`) VALUES (5,3);
INSERT  IGNORE INTO `form_input_validator` (`form_input_id`, `form_validator_id`) VALUES (6,3);
INSERT  IGNORE INTO `form_input_validator` (`form_input_id`, `form_validator_id`) VALUES (7,3);
INSERT  IGNORE INTO `form_input_validator` (`form_input_id`, `form_validator_id`) VALUES (8,3);
INSERT  IGNORE INTO `form_input_validator` (`form_input_id`, `form_validator_id`) VALUES (11,3);
INSERT  IGNORE INTO `form_input_validator` (`form_input_id`, `form_validator_id`) VALUES (12,3);
INSERT  IGNORE INTO `form_input_validator` (`form_input_id`, `form_validator_id`) VALUES (13,3);
INSERT  IGNORE INTO `form_input_validator` (`form_input_id`, `form_validator_id`) VALUES (15,3);
INSERT  IGNORE INTO `form_input_validator` (`form_input_id`, `form_validator_id`) VALUES (16,3);
/*!40000 ALTER TABLE `form_input_validator` ENABLE KEYS */;
UNLOCK TABLES;

--
-- Dumping data for table `question`
--

LOCK TABLES `question` WRITE;
/*!40000 ALTER TABLE `question` DISABLE KEYS */;
INSERT  IGNORE INTO `question` (`id`, `assessor_confirmation_question`, `assign_enabled`, `description`, `guidance_answer`, `guidance_question`, `mark_as_completed_enabled`, `multiple_statuses`, `name`, `short_name`, `needing_assessor_feedback`, `needing_assessor_score`, `priority`, `question_number`, `competition_id`, `section_id`) VALUES (1,NULL,'',NULL,'<p>You should describe:</p><ul class=\"list-bullet\">         <li>the business opportunity you have identified and how you plan to take advantage of it</li><li>the customer needs you have identified and how your project will meet them</li><li>the challenges you expect to face and how you will overcome them</li></ul>','What should I include in the business opportunity section?','','\0','What is the business opportunity that your project addresses?','Business opportunity','','',5,'1',1,2);
INSERT  IGNORE INTO `question` (`id`, `assessor_confirmation_question`, `assign_enabled`, `description`, `guidance_answer`, `guidance_question`, `mark_as_completed_enabled`, `multiple_statuses`, `name`, `short_name`, `needing_assessor_feedback`, `needing_assessor_score`, `priority`, `question_number`, `competition_id`, `section_id`) VALUES (2,NULL,'',NULL,'<p>Describe the size of the potential market for your project, including:</p><ul class=\"list-bullet\">         <li>details of your target market, for instance, how competitive and profitable it is</li><li>the current size of the market, with actual and predicted growth rates</li><li>the market share you expect to achieve and the reasons for this estimate</li><li>the wider economic value you expect your project to add to the UK and/or the EEA (European Economic Area)</li></ul><p>Tell us what return on investment you expect your project to achieve. You should base this estimate on relevant industry data and tell us how you have calculated this.</p><p>If you are targeting an undeveloped market, you should also:</p><ul class=\"list-bullet\">         <li>describe how you plan to access this market</li><li>estimate its potential size</li><li>explain how you will explore its potential</li></ul>','What should I include in the market opportunity section?','','\0','What is the size of the potential market for your project?','Potential market','','',6,'2',1,2);
INSERT  IGNORE INTO `question` (`id`, `assessor_confirmation_question`, `assign_enabled`, `description`, `guidance_answer`, `guidance_question`, `mark_as_completed_enabled`, `multiple_statuses`, `name`, `short_name`, `needing_assessor_feedback`, `needing_assessor_score`, `priority`, `question_number`, `competition_id`, `section_id`) VALUES (3,NULL,'',NULL,'<p>Describe the potential outputs of the project, such as:</p><ul class=\"list-bullet\">         <li>products or services</li><li>processes</li><li>applications</li></ul><p>Describe how you will exploit these outputs, such as:</p><ul class=\"list-bullet\">         <li>the route to market</li><li>protection of intellectual property rights</li><li>reconfiguration of your organisation\'s value system</li><li>changes to business models and processes</li><li>any other methods of exploitation and protection</li></ul> ','What should I include in the project exploitation section?','','\0','How will you exploit and market your project?','Project exploitation','','',7,'3',1,2);
INSERT  IGNORE INTO `question` (`id`, `assessor_confirmation_question`, `assign_enabled`, `description`, `guidance_answer`, `guidance_question`, `mark_as_completed_enabled`, `multiple_statuses`, `name`, `short_name`, `needing_assessor_feedback`, `needing_assessor_score`, `priority`, `question_number`, `competition_id`, `section_id`) VALUES (4,NULL,'',NULL,'<p>Describe all the benefits you expect your project to deliver, including:</p><strong>Economic</strong> - this is the real impact the project will have on its economic environment. This is not traditional corporate accounting profit and can include cost avoidance. You should identify and quantify any expected benefits to:</p><ul class=\"list-bullet\">         <li>users (intermediaries and end users)</li><li>suppliers</li><li>broader industrial markets</li><li>the UK economy</li></ul><p><strong>Social</strong> - quantify any expected social impacts, either positive or negative, on, for example:</p><ul class=\"list-bullet\">         <li>quality of life</li><li>social inclusion/exclusion</li><li>education</li><li>public empowerment</li><li>health and safety</li><li>regulation</li><li>diversity</li><li>government priorities</li></ul><p><strong>Environmental</strong> - show how your project will benefit or have a low impact on the environment. For example, this could include:<p><ul class=\"list-bullet\">         <li>careful management of energy consumption</li><li>reductions in carbon emissions</li><li>reducing manufacturing and materials waste</li><li>rendering waste less toxic before disposing of it in a safe and legal manner</li><li>re-manufacturing (cradle to cradle)</li></ul>','What should I include in the benefits section?','','\0','What economic, social and environmental benefits do you expect your project to deliver and when?','Economic benefit','','',8,'4',1,2);
INSERT  IGNORE INTO `question` (`id`, `assessor_confirmation_question`, `assign_enabled`, `description`, `guidance_answer`, `guidance_question`, `mark_as_completed_enabled`, `multiple_statuses`, `name`, `short_name`, `needing_assessor_feedback`, `needing_assessor_score`, `priority`, `question_number`, `competition_id`, `section_id`) VALUES (5,NULL,'','Describe the areas of work and your objectives. List all resource and management needs. Provide an overview of your technical approach.','<p>You should:</p><ul class=\"list-bullet\">         <li>describe your technical approach including the main objectives of the work</li><li>explain how and why your approach is appropriate</li><li>tell us how you will make sure that the innovative steps in your project are achievable</li><li>describe rival technologies and alternative R&D strategies</li><li>explain why your proposed approach will offer a better outcome</li></ul>','What should I include in the technical approach section?','','\0','What technical approach will you use and how will you manage your project?','Technical approach','','',9,'5',1,2);
INSERT  IGNORE INTO `question` (`id`, `assessor_confirmation_question`, `assign_enabled`, `description`, `guidance_answer`, `guidance_question`, `mark_as_completed_enabled`, `multiple_statuses`, `name`, `short_name`, `needing_assessor_feedback`, `needing_assessor_score`, `priority`, `question_number`, `competition_id`, `section_id`) VALUES (6,NULL,'','Explain how your project is innovative in both a commercial and technical sense.','<p>You should show how your project will:</p><ul class=\"list-bullet\">         <li>push boundaries beyond current leading-edge science and technology</li><li>apply existing technologies in new areas</li></ul><p>Explain the novelty of the research in an industrial and/or academic context.</p><p>You should provide evidence that your proposed work is innovative. This could include patent search results, competitor analyses or literature surveys. If relevant, you should also outline your own intellectual property rights.</p>','What should I include in the project innovation section?','','\0','What is innovative about your project?','Innovation','','',10,'6',1,2);
INSERT  IGNORE INTO `question` (`id`, `assessor_confirmation_question`, `assign_enabled`, `description`, `guidance_answer`, `guidance_question`, `mark_as_completed_enabled`, `multiple_statuses`, `name`, `short_name`, `needing_assessor_feedback`, `needing_assessor_score`, `priority`, `question_number`, `competition_id`, `section_id`) VALUES (7,NULL,'','We recognise that many of the projects we fund are risky. This is why we need to be sure that you have an adequate plan for managing this risk.','<p>Please describe your plans for limiting and managing risk. You need to:</p><ul class=\"list-bullet\">         <li>identify the project\'s main risks and uncertainties</li><li>detail specific technical, commercial, managerial and environmental risks</li><li>list any other uncertainties such as ethical issues associated with the project</li><li>provide a detailed risk analysis</li><li>rate the main risks as high, medium or low</li><li>show how you\'ll limit the main risks</li><li>identify the project management resources you\'ll use to minimise operational risk</li><li>include arrangements for managing the project team and its partners</li></ul>','What should I include in the project risks section?','','\0','What are the risks (technical, commercial and environmental) to your project\'s success? What is your risk management strategy?','Risks','','',11,'7',1,2);
INSERT  IGNORE INTO `question` (`id`, `assessor_confirmation_question`, `assign_enabled`, `description`, `guidance_answer`, `guidance_question`, `mark_as_completed_enabled`, `multiple_statuses`, `name`, `short_name`, `needing_assessor_feedback`, `needing_assessor_score`, `priority`, `question_number`, `competition_id`, `section_id`) VALUES (8,NULL,'','Describe your capability to develop and exploit this technology. Include details of your team\'s track record in managing research and development projects.','<p>You should show your project team:</p><ul class=\"list-bullet\">         <li>has the right mix of skills and experience to complete the project</li><li>has clear objectives</li><li>how it would have been formed even without Innovate UK investment</li></ul><p>If you are part of a consortium, describe the benefits of the collaboration. For example, increased knowledge transfer.</p>','What should I include in the project skills section?','','\0','Does your project team have the skills, experience and facilities to deliver this project?','Project team','','',12,'8',1,2);
INSERT  IGNORE INTO `question` (`id`, `assessor_confirmation_question`, `assign_enabled`, `description`, `guidance_answer`, `guidance_question`, `mark_as_completed_enabled`, `multiple_statuses`, `name`, `short_name`, `needing_assessor_feedback`, `needing_assessor_score`, `priority`, `question_number`, `competition_id`, `section_id`) VALUES (9,NULL,'\0','Enter the full title of the project',NULL,NULL,'','\0','Application details','Application details','\0','\0',1,NULL,1,1);
INSERT  IGNORE INTO `question` (`id`, `assessor_confirmation_question`, `assign_enabled`, `description`, `guidance_answer`, `guidance_question`, `mark_as_completed_enabled`, `multiple_statuses`, `name`, `short_name`, `needing_assessor_feedback`, `needing_assessor_score`, `priority`, `question_number`, `competition_id`, `section_id`) VALUES (11,NULL,'','Please provide a short summary of your project. Make sure you include what is innovative about it.','<p>We will not score this summary, but it will give the assessors a useful introduction to your project. It should provide a clear overview of the whole project, including:</p> <ul class=\"list-bullet\">         <li>your vision for the project</li><li>key objectives</li><li>main areas of focus</li><li>details of how it is innovative</li></ul>','What should I include in the project summary?','','\0','Project summary','Project summary\n','\0','\0',2,NULL,1,1);
INSERT  IGNORE INTO `question` (`id`, `assessor_confirmation_question`, `assign_enabled`, `description`, `guidance_answer`, `guidance_question`, `mark_as_completed_enabled`, `multiple_statuses`, `name`, `short_name`, `needing_assessor_feedback`, `needing_assessor_score`, `priority`, `question_number`, `competition_id`, `section_id`) VALUES (12,NULL,'','Please provide a brief description of your project. If your application is successful, we will publish this description. This question is mandatory but we will not assess this content as part of your application.','<p>Innovate UK publishes information about projects we have funded. This is in line with government practice on openness and transparency of public-funded activities.</p><p>Describe your project in a way that will be easy for a non-specialist to understand. Don\'t include any information that is confidential, for example, intellectual property or patent details.</p> ','What should I include in the project public description?','','\0','Public description','Public description\n','\0','\0',3,NULL,1,1);
INSERT  IGNORE INTO `question` (`id`, `assessor_confirmation_question`, `assign_enabled`, `description`, `guidance_answer`, `guidance_question`, `mark_as_completed_enabled`, `multiple_statuses`, `name`, `short_name`, `needing_assessor_feedback`, `needing_assessor_score`, `priority`, `question_number`, `competition_id`, `section_id`) VALUES (13,'Is this application in scope?','','If your application doesn\'t align with the scope, we will reject it.','<p>It is important that you read the following guidance.</p><p>To show how your project aligns with the scope of this competition, you need to:</p><ul class=\"list-bullet\">         <li>read the competition brief in full</li><li>understand the background, challenge and scope of the competition</li><li>address the research objectives in your application</li><li>match your project\'s objectives and activities to these</li></ul> <p>Once you have submitted your application, you should not change this section unless:</p><ul class=\"list-bullet\">         <li>we ask you to provide more information</li><li>we ask you to make it clearer</li></ul> ','What should I include in the project scope?','','\0','How does your project align with the scope of this competition?','Scope','','\0',4,NULL,1,1);
INSERT  IGNORE INTO `question` (`id`, `assessor_confirmation_question`, `assign_enabled`, `description`, `guidance_answer`, `guidance_question`, `mark_as_completed_enabled`, `multiple_statuses`, `name`, `short_name`, `needing_assessor_feedback`, `needing_assessor_score`, `priority`, `question_number`, `competition_id`, `section_id`) VALUES (15,NULL,'','Tell us the total costs of the project and how much funding you need from Innovate UK. Please provide details of your expected project costs along with any supporting information. Please justify any large expenditure in your project.','<p>You must:</p><ul class=\"list-bullet\">         <li>show how your budget is realistic for the scale and complexity of the project</li><li>make sure the funding you need from Innovate UK is within the limit set by this competition</li><li>justify any significant costs in the project, such as subcontractors</li><li>show how much funding there will be from other sources</li><li>provide a realistic budget breakdown</li><li>describe and justify individual work packages</li></ul><p>Find out which project costs are eligible: https://interact.innovateuk.org/-/project-costs</p><p>If your project spans more than one type of research category, you must break down the costs as separate \'work packages\'. For example, industrial research or experimental development. </p><p>You can find more information in the guidance section of your website:\n https://interact.innovateuk.org/-/funding-rules</p>','What should I include in the project cost section?','','\0','What will your project cost?','Funding','','',13,'9',1,2);
INSERT  IGNORE INTO `question` (`id`, `assessor_confirmation_question`, `assign_enabled`, `description`, `guidance_answer`, `guidance_question`, `mark_as_completed_enabled`, `multiple_statuses`, `name`, `short_name`, `needing_assessor_feedback`, `needing_assessor_score`, `priority`, `question_number`, `competition_id`, `section_id`) VALUES (16,NULL,'',' ','Justify why you\'re unable to fund the project yourself from commercial resources. Explain the difference this funding will make to your project. For example, will it lower the risk for you or speed up the process of getting your product to market? Tell us why this will benefit the UK.','What should I include in the financial support from Innovate UK section?','','\0','How does financial support from Innovate UK and its funding partners add value?','Adding value','','',14,'10',1,2);
INSERT  IGNORE INTO `question` (`id`, `assessor_confirmation_question`, `assign_enabled`, `description`, `guidance_answer`, `guidance_question`, `mark_as_completed_enabled`, `multiple_statuses`, `name`, `short_name`, `needing_assessor_feedback`, `needing_assessor_score`, `priority`, `question_number`, `competition_id`, `section_id`) VALUES (20,NULL,'','Only your organisation can see this level of detail. All members of your organisation can access and edit your finances We recommend assigning completion of your finances to one member of your team','','','\0','\0','Provide the project costs for \'{organisationName}\'',NULL,'\0','\0',15,NULL,1,7);
INSERT  IGNORE INTO `question` (`id`, `assessor_confirmation_question`, `assign_enabled`, `description`, `guidance_answer`, `guidance_question`, `mark_as_completed_enabled`, `multiple_statuses`, `name`, `short_name`, `needing_assessor_feedback`, `needing_assessor_score`, `priority`, `question_number`, `competition_id`, `section_id`) VALUES (21,NULL,'','<p>You may claim the labour costs of all individuals you have working on your project.</p> <p> If your application is awarded funding, you will need to account for all your labour costs as they occur. For example, you should keep timesheets and payroll records. These should show the actual hours worked by individuals and paid by the organisation.</p>','<p>You can include the following labour costs, based upon your PAYE records:</p> <ul class=\"list-bullet\">         <li>gross salary</li><li>National Insurance</li><li>company pension contribution</li><li>life insurance</li><li>other non-discretionary package costs.</li>     </ul><p>You can\'t include:</p><ul class=\"list-bullet\">         <li>discretionary bonuses</li><li>performance related payments of any kind</li></ul> <p>We base the total number of working days per year on full time days less standard holiday allowance. You should not include:</p><ul class=\"list-bullet\">         <li>sick days</li><li>waiting time</li><li>training days</li><li>non-productive time</li></ul> <p>On the finance form, list the total days worked by all categories of staff on your project. Describe their role.</p><p>We will review the total amount of time and cost before we approve your application. The terms and conditions of the grant include compliance with these points.','Labour costs guidance','\0','',NULL,NULL,'\0','\0',1,NULL,1,9);
INSERT  IGNORE INTO `question` (`id`, `assessor_confirmation_question`, `assign_enabled`, `description`, `guidance_answer`, `guidance_question`, `mark_as_completed_enabled`, `multiple_statuses`, `name`, `short_name`, `needing_assessor_feedback`, `needing_assessor_score`, `priority`, `question_number`, `competition_id`, `section_id`) VALUES (22,NULL,'','<p>Administration support costs are related expenses incurred as a result of delivering the project. They are eligible for project funding.</p>','<p>We will review and test your calculation. This is so that we can make sure that the items included are eligible and reasonable</p><p>Please read our guide to claiming Overheads for further information.</p>','Administration support costs guidance','\0','',NULL,NULL,'\0','\0',1,NULL,1,10);
INSERT  IGNORE INTO `question` (`id`, `assessor_confirmation_question`, `assign_enabled`, `description`, `guidance_answer`, `guidance_question`, `mark_as_completed_enabled`, `multiple_statuses`, `name`, `short_name`, `needing_assessor_feedback`, `needing_assessor_score`, `priority`, `question_number`, `competition_id`, `section_id`) VALUES (23,NULL,'','<p>You can claim the costs of materials used on your project providing:</p><ul class=\"list-bullet\">         <li>they are not already purchased or included in the overheads</li><li>they won\'t have a residual/resale value at the end of your project. If they do, you can claim the costs minus this value.</li></ul><p>Please refer to our guide to project costs for further information.</p>','If you are using materials supplied by associated companies or sub contracted from other consortium members then you are required to exclude the profit element of the value placed on that material - the materials should be charged at cost.\n\nSoftware that you have purchased specifically for use during your project should be included in materials.\n\nHowever if you already own software which will be used in the project, or it is provided for usage within your consortium by a consortium member, only additional costs incurred & paid between the start and end of your project will be eligible. Examples of costs that may be eligible are those related to the preparation of disks, manuals, installation, training or customisation.','Materials costs guidance','\0','',NULL,NULL,'\0','\0',1,NULL,1,11);
INSERT  IGNORE INTO `question` (`id`, `assessor_confirmation_question`, `assign_enabled`, `description`, `guidance_answer`, `guidance_question`, `mark_as_completed_enabled`, `multiple_statuses`, `name`, `short_name`, `needing_assessor_feedback`, `needing_assessor_score`, `priority`, `question_number`, `competition_id`, `section_id`) VALUES (24,NULL,'','<p>Capital usage refers to an asset that you will use in your project. The asset will have a useful life of more than one year, be stand-alone, distinct and moveable.</p>','<p>You should provide details of capital equipment and tools you will buy for, or use on, your project.</p><p>You will need to calculate a ?usage? value for each item. You can do this by deducting its expected value at the end of your project from its original price. If you owned the equipment before you started the project, you should use its Net Present Value.</p><p>This value is then multiplied by the percentage that your project will be utilising the equipment. This final value represents the eligible cost to your project.</p>','Capital usage guidance','\0','',NULL,NULL,'\0','\0',1,NULL,1,12);
INSERT  IGNORE INTO `question` (`id`, `assessor_confirmation_question`, `assign_enabled`, `description`, `guidance_answer`, `guidance_question`, `mark_as_completed_enabled`, `multiple_statuses`, `name`, `short_name`, `needing_assessor_feedback`, `needing_assessor_score`, `priority`, `question_number`, `competition_id`, `section_id`) VALUES (25,NULL,'','<p>Subcontracting costs relate to work carried out by third party organisations. These organisations are not part of your project or collaboration. You may subcontract work if you don\'t have the expertise in your consortium. You can also subcontract if it is cheaper than developing your skills in-house.</p>','Subcontracting services supplied by associated companies should exclude any profit element and be charged at cost.  You should name the subcontractor (where known) and describe what the subcontractor will be doing and where the work will be undertaken. We will look at the size of this contribution when assessing eligibility and level of support. ','Subcontracting costs guidance','\0','',NULL,NULL,'\0','\0',1,NULL,1,13);
INSERT  IGNORE INTO `question` (`id`, `assessor_confirmation_question`, `assign_enabled`, `description`, `guidance_answer`, `guidance_question`, `mark_as_completed_enabled`, `multiple_statuses`, `name`, `short_name`, `needing_assessor_feedback`, `needing_assessor_score`, `priority`, `question_number`, `competition_id`, `section_id`) VALUES (26,NULL,'','<p>You should include travel and subsistence costs that relate only to this project. </p>',NULL,NULL,'\0','',NULL,NULL,'\0','\0',1,NULL,1,14);
INSERT  IGNORE INTO `question` (`id`, `assessor_confirmation_question`, `assign_enabled`, `description`, `guidance_answer`, `guidance_question`, `mark_as_completed_enabled`, `multiple_statuses`, `name`, `short_name`, `needing_assessor_feedback`, `needing_assessor_score`, `priority`, `question_number`, `competition_id`, `section_id`) VALUES (27,NULL,'','<p>You can use this section to detail costs that do not fit under the other cost headings. You should describe each type of cost and explain why you have included it.</p>','<p>Examples of other costs include:</p><p><strong>Training costs</strong> - these costs are eligible for support if they relate to your project. We may support management training for your project but will not support ongoing training.</p><p><strong>Preparation of technical reports</strong> - for example, if the main aim of your project is standards support or technology transfer. You should show how this is more than you would produce through good project management.</p><p><strong>Market assessment</strong> - we may support of market assessments studies. The study will need to help us understand how your project is a good match for your target market. It could also be eligible if it helps commercialise your product</p></p><strong>Licensing in new technologies</strong> - if new technology makes up a large part of your project, we will expect you to develop that technology. For instance, if the value of the technology is more than &pound;100,000. </p><p><strong>Patent filing costs for NEW IP generated by your project</strong> - these are eligible for SMEs up to a limit of &pound;7,500 per partner. You should not include legal costs relating to the filing or trademark related expenditure.</p><p>Regulatory compliance costs are eligible if necessary to carry out your project.</p>','Other costs guidance','\0','',NULL,NULL,'\0','\0',1,NULL,1,15);
INSERT  IGNORE INTO `question` (`id`, `assessor_confirmation_question`, `assign_enabled`, `description`, `guidance_answer`, `guidance_question`, `mark_as_completed_enabled`, `multiple_statuses`, `name`, `short_name`, `needing_assessor_feedback`, `needing_assessor_score`, `priority`, `question_number`, `competition_id`, `section_id`) VALUES (28,NULL,'',NULL,NULL,NULL,'','','Labour',NULL,'\0','\0',2,NULL,1,9);
INSERT  IGNORE INTO `question` (`id`, `assessor_confirmation_question`, `assign_enabled`, `description`, `guidance_answer`, `guidance_question`, `mark_as_completed_enabled`, `multiple_statuses`, `name`, `short_name`, `needing_assessor_feedback`, `needing_assessor_score`, `priority`, `question_number`, `competition_id`, `section_id`) VALUES (29,NULL,'','A common way of estimating administration support costs on Innovate UK projects is to use a flat rate of 20% of labour costs. This is the default rate. If you want to use a different rate, please enter it below and we will assess your administration support costs on this basis.  If your project is successful, you will need to justify this rate to our finance team. 3 methods of declaring administration support costs are available:',NULL,NULL,'','','Overheads',NULL,'\0','\0',2,NULL,1,10);
INSERT  IGNORE INTO `question` (`id`, `assessor_confirmation_question`, `assign_enabled`, `description`, `guidance_answer`, `guidance_question`, `mark_as_completed_enabled`, `multiple_statuses`, `name`, `short_name`, `needing_assessor_feedback`, `needing_assessor_score`, `priority`, `question_number`, `competition_id`, `section_id`) VALUES (30,NULL,'','Please provide a breakdown of the materials you expect to use during the project',NULL,NULL,'','','Materials',NULL,'\0','\0',2,NULL,1,11);
INSERT  IGNORE INTO `question` (`id`, `assessor_confirmation_question`, `assign_enabled`, `description`, `guidance_answer`, `guidance_question`, `mark_as_completed_enabled`, `multiple_statuses`, `name`, `short_name`, `needing_assessor_feedback`, `needing_assessor_score`, `priority`, `question_number`, `competition_id`, `section_id`) VALUES (31,NULL,'','Please provide a breakdown of the capital items you will buy and/or use for the project.',NULL,NULL,'','','Capital Usage',NULL,'\0','\0',2,NULL,1,12);
INSERT  IGNORE INTO `question` (`id`, `assessor_confirmation_question`, `assign_enabled`, `description`, `guidance_answer`, `guidance_question`, `mark_as_completed_enabled`, `multiple_statuses`, `name`, `short_name`, `needing_assessor_feedback`, `needing_assessor_score`, `priority`, `question_number`, `competition_id`, `section_id`) VALUES (32,NULL,'','Please provide details of any work that you expect to subcontract for your project.',NULL,NULL,'','','Sub-contracting costs',NULL,'\0','\0',2,NULL,1,13);
INSERT  IGNORE INTO `question` (`id`, `assessor_confirmation_question`, `assign_enabled`, `description`, `guidance_answer`, `guidance_question`, `mark_as_completed_enabled`, `multiple_statuses`, `name`, `short_name`, `needing_assessor_feedback`, `needing_assessor_score`, `priority`, `question_number`, `competition_id`, `section_id`) VALUES (33,NULL,'',NULL,NULL,NULL,'','','Travel and subsistence',NULL,'\0','\0',2,NULL,1,14);
INSERT  IGNORE INTO `question` (`id`, `assessor_confirmation_question`, `assign_enabled`, `description`, `guidance_answer`, `guidance_question`, `mark_as_completed_enabled`, `multiple_statuses`, `name`, `short_name`, `needing_assessor_feedback`, `needing_assessor_score`, `priority`, `question_number`, `competition_id`, `section_id`) VALUES (34,NULL,'','Please note that legal or project audit and accountancy fees are not eligible and should not be included as an \'other cost’. Patent filing costs of NEW IP relating to the project are limited to £5,000 for SME applicants only.  Please provide estimates of other costs that do not fit within any other cost headings.',NULL,NULL,'','','Other costs',NULL,'\0','\0',2,NULL,1,15);
INSERT  IGNORE INTO `question` (`id`, `assessor_confirmation_question`, `assign_enabled`, `description`, `guidance_answer`, `guidance_question`, `mark_as_completed_enabled`, `multiple_statuses`, `name`, `short_name`, `needing_assessor_feedback`, `needing_assessor_score`, `priority`, `question_number`, `competition_id`, `section_id`) VALUES (35,NULL,'','Please tell us if you have ever applied for or received any other public sector funding for this project. You should also include details of any offers of funding you\'ve received.','Please tell us if you have received, or will receive any other public sector funding for this project.','What should I include in the other public funding section?','','','Other funding',NULL,'\0','\0',20,NULL,1,7);
INSERT  IGNORE INTO `question` (`id`, `assessor_confirmation_question`, `assign_enabled`, `description`, `guidance_answer`, `guidance_question`, `mark_as_completed_enabled`, `multiple_statuses`, `name`, `short_name`, `needing_assessor_feedback`, `needing_assessor_score`, `priority`, `question_number`, `competition_id`, `section_id`) VALUES (36,NULL,'',NULL,NULL,NULL,'\0','\0','FINANCE_SUMMARY_INDICATOR_STRING',NULL,'\0','\0',17,NULL,1,8);
INSERT  IGNORE INTO `question` (`id`, `assessor_confirmation_question`, `assign_enabled`, `description`, `guidance_answer`, `guidance_question`, `mark_as_completed_enabled`, `multiple_statuses`, `name`, `short_name`, `needing_assessor_feedback`, `needing_assessor_score`, `priority`, `question_number`, `competition_id`, `section_id`) VALUES (38,NULL,'\0','Please enter the funding level that you would like to apply for in this application',NULL,'What funding level should I enter?','\0','','Funding level',NULL,'\0','\0',19,NULL,1,7);
INSERT  IGNORE INTO `question` (`id`, `assessor_confirmation_question`, `assign_enabled`, `description`, `guidance_answer`, `guidance_question`, `mark_as_completed_enabled`, `multiple_statuses`, `name`, `short_name`, `needing_assessor_feedback`, `needing_assessor_score`, `priority`, `question_number`, `competition_id`, `section_id`) VALUES (40,NULL,'','To determine the level of funding you are eligible to receive please provide your business sizing using the <a href=\"http://ec.europa.eu/growth/smes/business-friendly-environment/sme-definition/index_en.htm\" target=\"_blank\" rel=\"external\">EU Definition</a> for guidance.',NULL,NULL,'\0','','Organisation Size',NULL,'\0','\0',18,NULL,1,7);
INSERT  IGNORE INTO `question` (`id`, `assessor_confirmation_question`, `assign_enabled`, `description`, `guidance_answer`, `guidance_question`, `mark_as_completed_enabled`, `multiple_statuses`, `name`, `short_name`, `needing_assessor_feedback`, `needing_assessor_score`, `priority`, `question_number`, `competition_id`, `section_id`) VALUES (41,NULL,'\0','<h2 class=\"heading-medium\">Funding rules for this competition</h2> <p>We will fund projects between &pound;200,000 and &pound;1 million. We may consider projects with costs outside of this range. We expect projects to last between 12 and 24 months.</p> <p>Innovate UK aims to optimise the level of funding business receives whilst recognising the importance of the contribution of research organisations to R&amp;D projects. We require, therefore, the following levels of participation:</p> <ul class=\"list-bullet\"> <li>at least 70% of the total eligible project costs are incurred by commercial organisations and</li> <li>a maximum of 30% of total eligible project costs is available to research participants. Where there is more than one research participant, this maximum will be shared between them.</li> </ul>',NULL,NULL,'\0','\0',NULL,NULL,'\0','\0',16,NULL,1,8);
/*!40000 ALTER TABLE `question` ENABLE KEYS */;
UNLOCK TABLES;

--
-- Dumping data for table `question_form_input`
--

LOCK TABLES `question_form_input` WRITE;
/*!40000 ALTER TABLE `question_form_input` DISABLE KEYS */;
INSERT  IGNORE INTO `question_form_input` (`question_id`, `form_input_id`, `priority`) VALUES (1,1,0);
INSERT  IGNORE INTO `question_form_input` (`question_id`, `form_input_id`, `priority`) VALUES (2,2,0);
INSERT  IGNORE INTO `question_form_input` (`question_id`, `form_input_id`, `priority`) VALUES (3,3,0);
INSERT  IGNORE INTO `question_form_input` (`question_id`, `form_input_id`, `priority`) VALUES (4,4,0);
INSERT  IGNORE INTO `question_form_input` (`question_id`, `form_input_id`, `priority`) VALUES (5,5,0);
INSERT  IGNORE INTO `question_form_input` (`question_id`, `form_input_id`, `priority`) VALUES (6,6,0);
INSERT  IGNORE INTO `question_form_input` (`question_id`, `form_input_id`, `priority`) VALUES (7,7,0);
INSERT  IGNORE INTO `question_form_input` (`question_id`, `form_input_id`, `priority`) VALUES (8,8,0);
INSERT  IGNORE INTO `question_form_input` (`question_id`, `form_input_id`, `priority`) VALUES (9,9,0);
INSERT  IGNORE INTO `question_form_input` (`question_id`, `form_input_id`, `priority`) VALUES (11,11,0);
INSERT  IGNORE INTO `question_form_input` (`question_id`, `form_input_id`, `priority`) VALUES (12,12,0);
INSERT  IGNORE INTO `question_form_input` (`question_id`, `form_input_id`, `priority`) VALUES (13,13,0);
INSERT  IGNORE INTO `question_form_input` (`question_id`, `form_input_id`, `priority`) VALUES (5,14,1);
INSERT  IGNORE INTO `question_form_input` (`question_id`, `form_input_id`, `priority`) VALUES (15,15,0);
INSERT  IGNORE INTO `question_form_input` (`question_id`, `form_input_id`, `priority`) VALUES (16,16,0);
INSERT  IGNORE INTO `question_form_input` (`question_id`, `form_input_id`, `priority`) VALUES (6,17,1);
INSERT  IGNORE INTO `question_form_input` (`question_id`, `form_input_id`, `priority`) VALUES (8,18,1);
INSERT  IGNORE INTO `question_form_input` (`question_id`, `form_input_id`, `priority`) VALUES (20,20,0);
INSERT  IGNORE INTO `question_form_input` (`question_id`, `form_input_id`, `priority`) VALUES (21,21,0);
INSERT  IGNORE INTO `question_form_input` (`question_id`, `form_input_id`, `priority`) VALUES (22,22,0);
INSERT  IGNORE INTO `question_form_input` (`question_id`, `form_input_id`, `priority`) VALUES (23,23,0);
INSERT  IGNORE INTO `question_form_input` (`question_id`, `form_input_id`, `priority`) VALUES (24,24,0);
INSERT  IGNORE INTO `question_form_input` (`question_id`, `form_input_id`, `priority`) VALUES (25,25,0);
INSERT  IGNORE INTO `question_form_input` (`question_id`, `form_input_id`, `priority`) VALUES (26,26,0);
INSERT  IGNORE INTO `question_form_input` (`question_id`, `form_input_id`, `priority`) VALUES (27,27,0);
INSERT  IGNORE INTO `question_form_input` (`question_id`, `form_input_id`, `priority`) VALUES (28,28,0);
INSERT  IGNORE INTO `question_form_input` (`question_id`, `form_input_id`, `priority`) VALUES (29,29,0);
INSERT  IGNORE INTO `question_form_input` (`question_id`, `form_input_id`, `priority`) VALUES (30,30,0);
INSERT  IGNORE INTO `question_form_input` (`question_id`, `form_input_id`, `priority`) VALUES (31,31,0);
INSERT  IGNORE INTO `question_form_input` (`question_id`, `form_input_id`, `priority`) VALUES (32,32,0);
INSERT  IGNORE INTO `question_form_input` (`question_id`, `form_input_id`, `priority`) VALUES (33,33,0);
INSERT  IGNORE INTO `question_form_input` (`question_id`, `form_input_id`, `priority`) VALUES (34,34,0);
INSERT  IGNORE INTO `question_form_input` (`question_id`, `form_input_id`, `priority`) VALUES (35,35,0);
INSERT  IGNORE INTO `question_form_input` (`question_id`, `form_input_id`, `priority`) VALUES (36,36,0);
INSERT  IGNORE INTO `question_form_input` (`question_id`, `form_input_id`, `priority`) VALUES (38,38,0);
INSERT  IGNORE INTO `question_form_input` (`question_id`, `form_input_id`, `priority`) VALUES (40,40,0);
INSERT  IGNORE INTO `question_form_input` (`question_id`, `form_input_id`, `priority`) VALUES (41,41,0);
/*!40000 ALTER TABLE `question_form_input` ENABLE KEYS */;
UNLOCK TABLES;

--
-- Dumping data for table `section`
--

LOCK TABLES `section` WRITE;
/*!40000 ALTER TABLE `section` DISABLE KEYS */;
INSERT  IGNORE INTO `section` (`id`, `assessor_guidance_description`, `description`, `display_in_assessment_application_summary`, `name`, `priority`, `competition_id`, `parent_section_id`, `question_group`) VALUES (1,NULL,'Please provide Innovate UK with information about your project. These sections are not scored but will provide background to the project.','\0','Project details',1,1,NULL,'\0');
INSERT  IGNORE INTO `section` (`id`, `assessor_guidance_description`, `description`, `display_in_assessment_application_summary`, `name`, `priority`, `competition_id`, `parent_section_id`, `question_group`) VALUES (2,NULL,'These are the 10 questions which will be marked by assessors. Each question is marked out of 10 points.','\0','Application questions',2,1,NULL,'\0');
INSERT  IGNORE INTO `section` (`id`, `assessor_guidance_description`, `description`, `display_in_assessment_application_summary`, `name`, `priority`, `competition_id`, `parent_section_id`, `question_group`) VALUES (6,NULL,'Each partner is required to submit their own project finances and funding rates. The overall project costs for all partners can be seen in the Finances overview section','\0','Finances',6,1,NULL,'\0');
INSERT  IGNORE INTO `section` (`id`, `assessor_guidance_description`, `description`, `display_in_assessment_application_summary`, `name`, `priority`, `competition_id`, `parent_section_id`, `question_group`) VALUES (7,NULL,NULL,'\0','Your finances',3,1,6,'');
INSERT  IGNORE INTO `section` (`id`, `assessor_guidance_description`, `description`, `display_in_assessment_application_summary`, `name`, `priority`, `competition_id`, `parent_section_id`, `question_group`) VALUES (8,NULL,'This is the financial overview of all partners in this collaboration. Each partner should submit their organisation\'s finances in \"your finances\" section. All partners will see this level of detail.','\0','Finances overview',4,1,6,'');
INSERT  IGNORE INTO `section` (`id`, `assessor_guidance_description`, `description`, `display_in_assessment_application_summary`, `name`, `priority`, `competition_id`, `parent_section_id`, `question_group`) VALUES (9,NULL,NULL,'\0','Labour',1,1,7,'\0');
INSERT  IGNORE INTO `section` (`id`, `assessor_guidance_description`, `description`, `display_in_assessment_application_summary`, `name`, `priority`, `competition_id`, `parent_section_id`, `question_group`) VALUES (10,NULL,NULL,'\0','Administration support costs',2,1,7,'\0');
INSERT  IGNORE INTO `section` (`id`, `assessor_guidance_description`, `description`, `display_in_assessment_application_summary`, `name`, `priority`, `competition_id`, `parent_section_id`, `question_group`) VALUES (11,NULL,NULL,'\0','Materials',3,1,7,'\0');
INSERT  IGNORE INTO `section` (`id`, `assessor_guidance_description`, `description`, `display_in_assessment_application_summary`, `name`, `priority`, `competition_id`, `parent_section_id`, `question_group`) VALUES (12,NULL,NULL,'\0','Capital usage',4,1,7,'\0');
INSERT  IGNORE INTO `section` (`id`, `assessor_guidance_description`, `description`, `display_in_assessment_application_summary`, `name`, `priority`, `competition_id`, `parent_section_id`, `question_group`) VALUES (13,NULL,NULL,'\0','Subcontracting costs',5,1,7,'\0');
INSERT  IGNORE INTO `section` (`id`, `assessor_guidance_description`, `description`, `display_in_assessment_application_summary`, `name`, `priority`, `competition_id`, `parent_section_id`, `question_group`) VALUES (14,NULL,NULL,'\0','Travel and subsistence',6,1,7,'\0');
INSERT  IGNORE INTO `section` (`id`, `assessor_guidance_description`, `description`, `display_in_assessment_application_summary`, `name`, `priority`, `competition_id`, `parent_section_id`, `question_group`) VALUES (15,NULL,NULL,'\0','Other Costs',7,1,7,'\0');
/*!40000 ALTER TABLE `section` ENABLE KEYS */;
UNLOCK TABLES;
/*!40103 SET TIME_ZONE=@OLD_TIME_ZONE */;

/*!40101 SET SQL_MODE=@OLD_SQL_MODE */;
/*!40014 SET FOREIGN_KEY_CHECKS=@OLD_FOREIGN_KEY_CHECKS */;
/*!40014 SET UNIQUE_CHECKS=@OLD_UNIQUE_CHECKS */;
/*!40101 SET CHARACTER_SET_CLIENT=@OLD_CHARACTER_SET_CLIENT */;
/*!40101 SET CHARACTER_SET_RESULTS=@OLD_CHARACTER_SET_RESULTS */;
/*!40101 SET COLLATION_CONNECTION=@OLD_COLLATION_CONNECTION */;
/*!40111 SET SQL_NOTES=@OLD_SQL_NOTES */;

-- Dump completed on 2016-03-14 14:35:29
