
INSERT INTO `address` (`id`, `address_line1`, `address_line2`, `address_line3`, `town`, `postcode`, `county`) VALUES (4,'1','Juggle Street','','Bath','BA1 5LR','Bath');
INSERT INTO `address` (`id`, `address_line1`, `address_line2`, `address_line3`, `town`, `postcode`, `county`) VALUES (5,'2','Juggle Road','','Bristol','BS1 5LR','Bristol');
INSERT INTO `address` (`id`, `address_line1`, `address_line2`, `address_line3`, `town`, `postcode`, `county`) VALUES (6,'3','Juggle Avenue','','Cardiff','CF1 5LR','Cardiff');
INSERT INTO `address` (`id`, `address_line1`, `address_line2`, `address_line3`, `town`, `postcode`, `county`) VALUES (7,'4','Juggle Crescent','','Norwich','NW1 5LR','Norwich');
INSERT INTO `address` (`id`, `address_line1`, `address_line2`, `address_line3`, `town`, `postcode`, `county`) VALUES (8,'5','Juggle Way','','London','E1 5LR','London');
INSERT INTO `address` (`id`, `address_line1`, `address_line2`, `address_line3`, `town`, `postcode`, `county`) VALUES (9,'6','Juggle Close','','Sheffield','LS1 5LR','Sheffield');
INSERT INTO `address` (`id`, `address_line1`, `address_line2`, `address_line3`, `town`, `postcode`, `county`) VALUES (10,'7','Juggle Grove','','Leeds','LS2 5LR','Leeds');
INSERT INTO `address` (`id`, `address_line1`, `address_line2`, `address_line3`, `town`, `postcode`, `county`) VALUES (11,'Cardiff University','','','Cardiff','CF10 3AT','South Glamorgan');
INSERT INTO `address` (`id`, `address_line1`, `address_line2`, `address_line3`, `town`, `postcode`, `county`) VALUES (12,'Tyndall Avenue','','','Bristol','BS8 1TH','Bristol');

INSERT INTO `application` (`id`, `duration_in_months`, `name`, `start_date`, `application_status_id`, `competition`, `submitted_date`) VALUES (8,3,'Juggling is fun','2016-04-19',2,2,'2016-04-19 14:38:09');
INSERT INTO `application` (`id`, `duration_in_months`, `name`, `start_date`, `application_status_id`, `competition`, `submitted_date`) VALUES (9,3,'Juggling is very fun','2016-04-19',3,2,'2016-04-19 14:41:04');
INSERT INTO `application` (`id`, `duration_in_months`, `name`, `start_date`, `application_status_id`, `competition`, `submitted_date`) VALUES (10,3,'Juggling is not fun','2016-04-19',4,2,'2016-04-19 14:43:47');
INSERT INTO `application` (`id`, `duration_in_months`, `name`, `start_date`, `application_status_id`, `competition`, `submitted_date`) VALUES (11,3,'Juggling is cool','2016-04-19',1,2,NULL);
INSERT INTO `application` (`id`, `duration_in_months`, `name`, `start_date`, `application_status_id`, `competition`, `submitted_date`) VALUES (12,3,'All I know about life I learned from juggling','2016-04-19',5,2,NULL);
INSERT INTO `application` (`id`, `duration_in_months`, `name`, `start_date`, `application_status_id`, `competition`, `submitted_date`) VALUES (13,3,'Better living through juggling','2016-04-19',5,2,NULL);
INSERT INTO `application` (`id`, `duration_in_months`, `name`, `start_date`, `application_status_id`, `competition`, `submitted_date`) VALUES (14,3,'Juggling is a word that sounds funny to say','2016-04-19',5,2,NULL);

INSERT INTO `organisation` (`id`, `name`, `company_house_number`, `organisation_size`, `organisation_type_id`) VALUES (12,'The Best Juggling Company','06477798',NULL,1);
INSERT INTO `organisation` (`id`, `name`, `company_house_number`, `organisation_size`, `organisation_type_id`) VALUES (13,'Juggle Ltd','06477798',NULL,1);
INSERT INTO `organisation` (`id`, `name`, `company_house_number`, `organisation_size`, `organisation_type_id`) VALUES (14,'Jugglez Ltd','06477798',NULL,1);
INSERT INTO `organisation` (`id`, `name`, `company_house_number`, `organisation_size`, `organisation_type_id`) VALUES (15,'Juggling Balls Ltd','06477798',NULL,1);
INSERT INTO `organisation` (`id`, `name`, `company_house_number`, `organisation_size`, `organisation_type_id`) VALUES (16,'Infinite Juggling Ltd','06477798',NULL,1);
INSERT INTO `organisation` (`id`, `name`, `company_house_number`, `organisation_size`, `organisation_type_id`) VALUES (17,'Everyday Im Juggling Ltd','06477798',NULL,1);
INSERT INTO `organisation` (`id`, `name`, `company_house_number`, `organisation_size`, `organisation_type_id`) VALUES (18,'Mo Juggling Mo Problems Ltd','06477798',NULL,1);
INSERT INTO `organisation` (`id`, `name`, `company_house_number`, `organisation_size`, `organisation_type_id`) VALUES (19,'Cardiff University',NULL,NULL,5);
INSERT INTO `organisation` (`id`, `name`, `company_house_number`, `organisation_size`, `organisation_type_id`) VALUES (20,'University of Bristol',NULL,NULL,5);

INSERT INTO `application_finance` (`id`, `application_id`, `organisation_id`, `organisation_size`, `finance_file_entry_id`) VALUES (12,8,12,NULL,NULL);
INSERT INTO `application_finance` (`id`, `application_id`, `organisation_id`, `organisation_size`, `finance_file_entry_id`) VALUES (13,9,13,NULL,NULL);
INSERT INTO `application_finance` (`id`, `application_id`, `organisation_id`, `organisation_size`, `finance_file_entry_id`) VALUES (14,10,14,NULL,NULL);
INSERT INTO `application_finance` (`id`, `application_id`, `organisation_id`, `organisation_size`, `finance_file_entry_id`) VALUES (15,12,16,NULL,NULL);
INSERT INTO `application_finance` (`id`, `application_id`, `organisation_id`, `organisation_size`, `finance_file_entry_id`) VALUES (16,13,17,NULL,NULL);
INSERT INTO `application_finance` (`id`, `application_id`, `organisation_id`, `organisation_size`, `finance_file_entry_id`) VALUES (17,14,18,NULL,NULL);

INSERT INTO `cost` (`id`, `cost`, `description`, `item`, `quantity`, `name`, `application_finance_id`, `question_id`) VALUES (155,NULL,'Working days per year',NULL,NULL,'working-days-per-year',12,28);
INSERT INTO `cost` (`id`, `cost`, `description`, `item`, `quantity`, `name`, `application_finance_id`, `question_id`) VALUES (156,NULL,'Accept Rate','NONE',NULL,'overhead',12,29);
INSERT INTO `cost` (`id`, `cost`, `description`, `item`, `quantity`, `name`, `application_finance_id`, `question_id`) VALUES (157,0,'Grant Claim','',NULL,'grant-claim',12,38);
INSERT INTO `cost` (`id`, `cost`, `description`, `item`, `quantity`, `name`, `application_finance_id`, `question_id`) VALUES (158,0,'Other Funding','',0,'other-funding',12,35);
INSERT INTO `cost` (`id`, `cost`, `description`, `item`, `quantity`, `name`, `application_finance_id`, `question_id`) VALUES (159,NULL,'Working days per year',NULL,NULL,'working-days-per-year',13,28);
INSERT INTO `cost` (`id`, `cost`, `description`, `item`, `quantity`, `name`, `application_finance_id`, `question_id`) VALUES (160,NULL,'Accept Rate','NONE',NULL,'overhead',13,29);
INSERT INTO `cost` (`id`, `cost`, `description`, `item`, `quantity`, `name`, `application_finance_id`, `question_id`) VALUES (161,0,'Grant Claim','',NULL,'grant-claim',13,38);
INSERT INTO `cost` (`id`, `cost`, `description`, `item`, `quantity`, `name`, `application_finance_id`, `question_id`) VALUES (162,0,'Other Funding','',0,'other-funding',13,35);
INSERT INTO `cost` (`id`, `cost`, `description`, `item`, `quantity`, `name`, `application_finance_id`, `question_id`) VALUES (163,NULL,'Working days per year',NULL,NULL,'working-days-per-year',14,28);
INSERT INTO `cost` (`id`, `cost`, `description`, `item`, `quantity`, `name`, `application_finance_id`, `question_id`) VALUES (164,NULL,'Accept Rate','NONE',NULL,'overhead',14,29);
INSERT INTO `cost` (`id`, `cost`, `description`, `item`, `quantity`, `name`, `application_finance_id`, `question_id`) VALUES (165,0,'Grant Claim','',NULL,'grant-claim',14,38);
INSERT INTO `cost` (`id`, `cost`, `description`, `item`, `quantity`, `name`, `application_finance_id`, `question_id`) VALUES (166,0,'Other Funding','',0,'other-funding',14,35);
INSERT INTO `cost` (`id`, `cost`, `description`, `item`, `quantity`, `name`, `application_finance_id`, `question_id`) VALUES (167,NULL,'Working days per year',NULL,NULL,'working-days-per-year',15,28);
INSERT INTO `cost` (`id`, `cost`, `description`, `item`, `quantity`, `name`, `application_finance_id`, `question_id`) VALUES (168,NULL,'Accept Rate','NONE',NULL,'overhead',15,29);
INSERT INTO `cost` (`id`, `cost`, `description`, `item`, `quantity`, `name`, `application_finance_id`, `question_id`) VALUES (169,0,'Grant Claim','',NULL,'grant-claim',15,38);
INSERT INTO `cost` (`id`, `cost`, `description`, `item`, `quantity`, `name`, `application_finance_id`, `question_id`) VALUES (170,0,'Other Funding','',0,'other-funding',15,35);
INSERT INTO `cost` (`id`, `cost`, `description`, `item`, `quantity`, `name`, `application_finance_id`, `question_id`) VALUES (171,NULL,'Working days per year',NULL,NULL,'working-days-per-year',16,28);
INSERT INTO `cost` (`id`, `cost`, `description`, `item`, `quantity`, `name`, `application_finance_id`, `question_id`) VALUES (172,NULL,'Accept Rate','NONE',NULL,'overhead',16,29);
INSERT INTO `cost` (`id`, `cost`, `description`, `item`, `quantity`, `name`, `application_finance_id`, `question_id`) VALUES (173,0,'Grant Claim','',NULL,'grant-claim',16,38);
INSERT INTO `cost` (`id`, `cost`, `description`, `item`, `quantity`, `name`, `application_finance_id`, `question_id`) VALUES (174,0,'Other Funding','',0,'other-funding',16,35);
INSERT INTO `cost` (`id`, `cost`, `description`, `item`, `quantity`, `name`, `application_finance_id`, `question_id`) VALUES (175,NULL,'Working days per year',NULL,NULL,'working-days-per-year',17,28);
INSERT INTO `cost` (`id`, `cost`, `description`, `item`, `quantity`, `name`, `application_finance_id`, `question_id`) VALUES (176,NULL,'Accept Rate','NONE',NULL,'overhead',17,29);
INSERT INTO `cost` (`id`, `cost`, `description`, `item`, `quantity`, `name`, `application_finance_id`, `question_id`) VALUES (177,0,'Grant Claim','',NULL,'grant-claim',17,38);
INSERT INTO `cost` (`id`, `cost`, `description`, `item`, `quantity`, `name`, `application_finance_id`, `question_id`) VALUES (178,0,'Other Funding','',0,'other-funding',17,35);

INSERT INTO `user` (`id`, `email`, `image_url`, `first_name`, `invite_name`, `last_name`, `phone_number`, `title`, `status`, `uid`, `system_user`) VALUES (18,'test1@test.test',NULL,'test',NULL,'one','1234567890','Mr','ACTIVE','0a30af62-3280-46a5-8fc2-d41e3e7ae3a9',0);
INSERT INTO `user` (`id`, `email`, `image_url`, `first_name`, `invite_name`, `last_name`, `phone_number`, `title`, `status`, `uid`, `system_user`) VALUES (19,'test2@test.test',NULL,'test',NULL,'two','1234567890','Mr','ACTIVE','eb8cb50d-7205-45cd-9aac-2d4372d235d2',0);
INSERT INTO `user` (`id`, `email`, `image_url`, `first_name`, `invite_name`, `last_name`, `phone_number`, `title`, `status`, `uid`, `system_user`) VALUES (20,'test3@test.test',NULL,'test',NULL,'three','1234567890','Mr','ACTIVE','a7cb318b-0f2a-46f0-a6ee-5a6a8afbd32e',0);
INSERT INTO `user` (`id`, `email`, `image_url`, `first_name`, `invite_name`, `last_name`, `phone_number`, `title`, `status`, `uid`, `system_user`) VALUES (21,'test4@test.test',NULL,'test',NULL,'four','1234567890','Mr','ACTIVE','fa9a1c4b-e32a-420e-ae06-dae83b5f31cc',0);
INSERT INTO `user` (`id`, `email`, `image_url`, `first_name`, `invite_name`, `last_name`, `phone_number`, `title`, `status`, `uid`, `system_user`) VALUES (22,'test5@test.test',NULL,'test',NULL,'five','1234567890','Mr','ACTIVE','d618da81-b6a4-4bfc-9488-ddfba22d70d8',0);
INSERT INTO `user` (`id`, `email`, `image_url`, `first_name`, `invite_name`, `last_name`, `phone_number`, `title`, `status`, `uid`, `system_user`) VALUES (23,'test6@test.test',NULL,'test',NULL,'six','1234567890','Mr','ACTIVE','4acca294-605a-4307-88b6-054fbf0779e1',0);
INSERT INTO `user` (`id`, `email`, `image_url`, `first_name`, `invite_name`, `last_name`, `phone_number`, `title`, `status`, `uid`, `system_user`) VALUES (24,'test7@test.test',NULL,'test',NULL,'seven','1234567890','Mr','ACTIVE','dcbf752d-44b7-429c-9f07-821f7e713f58',0);
INSERT INTO `user` (`id`, `email`, `image_url`, `first_name`, `invite_name`, `last_name`, `phone_number`, `title`, `status`, `uid`, `system_user`) VALUES (25,'test8@test.test',NULL,'test',NULL,'eight','1234567890','Mr','ACTIVE','4dab9bb8-2ada-47a9-bd7b-88bb7fc4bc5e',0);
INSERT INTO `user` (`id`, `email`, `image_url`, `first_name`, `invite_name`, `last_name`, `phone_number`, `title`, `status`, `uid`, `system_user`) VALUES (26,'test9@test.test',NULL,'test',NULL,'nine','1234567890','Mr','ACTIVE','6ad4750a-1d48-4c3f-a179-437ed88bc87d',0);

INSERT INTO `process_role` (`id`, `application_id`, `organisation_id`, `role_id`, `user_id`) VALUES (29,8,12,1,18);
INSERT INTO `process_role` (`id`, `application_id`, `organisation_id`, `role_id`, `user_id`) VALUES (30,9,13,1,19);
INSERT INTO `process_role` (`id`, `application_id`, `organisation_id`, `role_id`, `user_id`) VALUES (31,10,14,1,20);
INSERT INTO `process_role` (`id`, `application_id`, `organisation_id`, `role_id`, `user_id`) VALUES (32,11,15,1,21);
INSERT INTO `process_role` (`id`, `application_id`, `organisation_id`, `role_id`, `user_id`) VALUES (33,12,16,1,22);
INSERT INTO `process_role` (`id`, `application_id`, `organisation_id`, `role_id`, `user_id`) VALUES (34,13,17,1,23);
INSERT INTO `process_role` (`id`, `application_id`, `organisation_id`, `role_id`, `user_id`) VALUES (35,14,18,1,24);
INSERT INTO `process_role` (`id`, `application_id`, `organisation_id`, `role_id`, `user_id`) VALUES (36,14,19,2,25);
INSERT INTO `process_role` (`id`, `application_id`, `organisation_id`, `role_id`, `user_id`) VALUES (37,14,20,2,26);

INSERT INTO `form_input_response` (`id`, `update_date`, `value`, `form_input_id`, `updated_by_id`, `application_id`, `file_entry_id`) VALUES (36,'2016-04-19 14:36:58','first answer',43,29,8,NULL);
INSERT INTO `form_input_response` (`id`, `update_date`, `value`, `form_input_id`, `updated_by_id`, `application_id`, `file_entry_id`) VALUES (37,'2016-04-19 14:37:12','Second answer',44,29,8,NULL);
INSERT INTO `form_input_response` (`id`, `update_date`, `value`, `form_input_id`, `updated_by_id`, `application_id`, `file_entry_id`) VALUES (38,'2016-04-19 14:37:25','Third answer',45,29,8,NULL);
INSERT INTO `form_input_response` (`id`, `update_date`, `value`, `form_input_id`, `updated_by_id`, `application_id`, `file_entry_id`) VALUES (39,'2016-04-19 14:37:40','Fourth answer',46,29,8,NULL);
INSERT INTO `form_input_response` (`id`, `update_date`, `value`, `form_input_id`, `updated_by_id`, `application_id`, `file_entry_id`) VALUES (40,'2016-04-19 14:37:51','Fifth answer',47,29,8,NULL);
INSERT INTO `form_input_response` (`id`, `update_date`, `value`, `form_input_id`, `updated_by_id`, `application_id`, `file_entry_id`) VALUES (41,'2016-04-19 14:39:49','First answer',43,30,9,NULL);
INSERT INTO `form_input_response` (`id`, `update_date`, `value`, `form_input_id`, `updated_by_id`, `application_id`, `file_entry_id`) VALUES (42,'2016-04-19 14:40:00','Second answer',44,30,9,NULL);
INSERT INTO `form_input_response` (`id`, `update_date`, `value`, `form_input_id`, `updated_by_id`, `application_id`, `file_entry_id`) VALUES (43,'2016-04-19 14:40:14','Third answer',45,30,9,NULL);
INSERT INTO `form_input_response` (`id`, `update_date`, `value`, `form_input_id`, `updated_by_id`, `application_id`, `file_entry_id`) VALUES (44,'2016-04-19 14:40:26','Fourth answer',46,30,9,NULL);
INSERT INTO `form_input_response` (`id`, `update_date`, `value`, `form_input_id`, `updated_by_id`, `application_id`, `file_entry_id`) VALUES (45,'2016-04-19 14:40:39','Fifth answer',47,30,9,NULL);
INSERT INTO `form_input_response` (`id`, `update_date`, `value`, `form_input_id`, `updated_by_id`, `application_id`, `file_entry_id`) VALUES (46,'2016-04-19 14:42:39','First answer',43,31,10,NULL);
INSERT INTO `form_input_response` (`id`, `update_date`, `value`, `form_input_id`, `updated_by_id`, `application_id`, `file_entry_id`) VALUES (47,'2016-04-19 14:42:51','Second answer',44,31,10,NULL);
INSERT INTO `form_input_response` (`id`, `update_date`, `value`, `form_input_id`, `updated_by_id`, `application_id`, `file_entry_id`) VALUES (48,'2016-04-19 14:43:03','Third answer',45,31,10,NULL);
INSERT INTO `form_input_response` (`id`, `update_date`, `value`, `form_input_id`, `updated_by_id`, `application_id`, `file_entry_id`) VALUES (49,'2016-04-19 14:43:15','Fourth answer',46,31,10,NULL);
INSERT INTO `form_input_response` (`id`, `update_date`, `value`, `form_input_id`, `updated_by_id`, `application_id`, `file_entry_id`) VALUES (50,'2016-04-19 14:43:27','Fifth answer',47,31,10,NULL);
INSERT INTO `form_input_response` (`id`, `update_date`, `value`, `form_input_id`, `updated_by_id`, `application_id`, `file_entry_id`) VALUES (51,'2016-04-19 14:47:28','First answer',43,33,12,NULL);
INSERT INTO `form_input_response` (`id`, `update_date`, `value`, `form_input_id`, `updated_by_id`, `application_id`, `file_entry_id`) VALUES (52,'2016-04-19 14:49:04','First answer',43,34,13,NULL);
INSERT INTO `form_input_response` (`id`, `update_date`, `value`, `form_input_id`, `updated_by_id`, `application_id`, `file_entry_id`) VALUES (53,'2016-04-19 14:49:16','Second answer',44,34,13,NULL);
INSERT INTO `form_input_response` (`id`, `update_date`, `value`, `form_input_id`, `updated_by_id`, `application_id`, `file_entry_id`) VALUES (54,'2016-04-19 14:49:28','Third answer',45,34,13,NULL);
INSERT INTO `form_input_response` (`id`, `update_date`, `value`, `form_input_id`, `updated_by_id`, `application_id`, `file_entry_id`) VALUES (55,'2016-04-19 14:52:31','First answer...',43,35,14,NULL);

INSERT INTO `invite_organisation` (`id`, `organisation_name`, `organisation_id`) VALUES (4,'ortherorg1',19);
INSERT INTO `invite_organisation` (`id`, `organisation_name`, `organisation_id`) VALUES (5,'otherorg2',20);

INSERT INTO `invite` (`id`, `email`, `hash`, `name`, `status`, `application_id`, `invite_organisation_id`) VALUES (5,'test8@test.test','96ef286be54b55b5acf20c8d69051c0655892be090dc6f184d3ae9d921189f1e2c408d2d37adb5ea','test eight','ACCEPTED',14,4);
INSERT INTO `invite` (`id`, `email`, `hash`, `name`, `status`, `application_id`, `invite_organisation_id`) VALUES (6,'test9@test.test','0fe70923738082289d97245856830b76e243aa27acf18ad10450af9cf20276e735d61de56ef4a182','test nine','ACCEPTED',14,5);

INSERT INTO `organisation_address` (`id`, `address_type`, `address_id`, `organisation_id`) VALUES (4,'REGISTERED',4,12);
INSERT INTO `organisation_address` (`id`, `address_type`, `address_id`, `organisation_id`) VALUES (5,'REGISTERED',5,13);
INSERT INTO `organisation_address` (`id`, `address_type`, `address_id`, `organisation_id`) VALUES (6,'REGISTERED',6,14);
INSERT INTO `organisation_address` (`id`, `address_type`, `address_id`, `organisation_id`) VALUES (7,'REGISTERED',7,15);
INSERT INTO `organisation_address` (`id`, `address_type`, `address_id`, `organisation_id`) VALUES (8,'REGISTERED',8,16);
INSERT INTO `organisation_address` (`id`, `address_type`, `address_id`, `organisation_id`) VALUES (9,'REGISTERED',9,17);
INSERT INTO `organisation_address` (`id`, `address_type`, `address_id`, `organisation_id`) VALUES (10,'REGISTERED',10,18);
INSERT INTO `organisation_address` (`id`, `address_type`, `address_id`, `organisation_id`) VALUES (11,'OPERATING',11,19);
INSERT INTO `organisation_address` (`id`, `address_type`, `address_id`, `organisation_id`) VALUES (12,'OPERATING',12,20);

INSERT INTO `question_status` (`id`, `assigned_date`, `marked_as_complete`, `notified`, `application_id`, `assigned_by_id`, `assignee_id`, `marked_as_complete_by_id`, `question_id`) VALUES (123,NULL,'',NULL,8,NULL,NULL,29,43);
INSERT INTO `question_status` (`id`, `assigned_date`, `marked_as_complete`, `notified`, `application_id`, `assigned_by_id`, `assignee_id`, `marked_as_complete_by_id`, `question_id`) VALUES (124,NULL,'',NULL,8,NULL,NULL,29,44);
INSERT INTO `question_status` (`id`, `assigned_date`, `marked_as_complete`, `notified`, `application_id`, `assigned_by_id`, `assignee_id`, `marked_as_complete_by_id`, `question_id`) VALUES (125,NULL,'',NULL,8,NULL,NULL,29,45);
INSERT INTO `question_status` (`id`, `assigned_date`, `marked_as_complete`, `notified`, `application_id`, `assigned_by_id`, `assignee_id`, `marked_as_complete_by_id`, `question_id`) VALUES (126,NULL,'',NULL,8,NULL,NULL,29,46);
INSERT INTO `question_status` (`id`, `assigned_date`, `marked_as_complete`, `notified`, `application_id`, `assigned_by_id`, `assignee_id`, `marked_as_complete_by_id`, `question_id`) VALUES (127,NULL,'',NULL,8,NULL,NULL,29,47);
INSERT INTO `question_status` (`id`, `assigned_date`, `marked_as_complete`, `notified`, `application_id`, `assigned_by_id`, `assignee_id`, `marked_as_complete_by_id`, `question_id`) VALUES (128,NULL,'',NULL,9,NULL,NULL,30,43);
INSERT INTO `question_status` (`id`, `assigned_date`, `marked_as_complete`, `notified`, `application_id`, `assigned_by_id`, `assignee_id`, `marked_as_complete_by_id`, `question_id`) VALUES (129,NULL,'',NULL,9,NULL,NULL,30,44);
INSERT INTO `question_status` (`id`, `assigned_date`, `marked_as_complete`, `notified`, `application_id`, `assigned_by_id`, `assignee_id`, `marked_as_complete_by_id`, `question_id`) VALUES (130,NULL,'',NULL,9,NULL,NULL,30,45);
INSERT INTO `question_status` (`id`, `assigned_date`, `marked_as_complete`, `notified`, `application_id`, `assigned_by_id`, `assignee_id`, `marked_as_complete_by_id`, `question_id`) VALUES (131,NULL,'',NULL,9,NULL,NULL,30,46);
INSERT INTO `question_status` (`id`, `assigned_date`, `marked_as_complete`, `notified`, `application_id`, `assigned_by_id`, `assignee_id`, `marked_as_complete_by_id`, `question_id`) VALUES (132,NULL,'',NULL,9,NULL,NULL,30,47);
INSERT INTO `question_status` (`id`, `assigned_date`, `marked_as_complete`, `notified`, `application_id`, `assigned_by_id`, `assignee_id`, `marked_as_complete_by_id`, `question_id`) VALUES (133,NULL,'',NULL,10,NULL,NULL,31,43);
INSERT INTO `question_status` (`id`, `assigned_date`, `marked_as_complete`, `notified`, `application_id`, `assigned_by_id`, `assignee_id`, `marked_as_complete_by_id`, `question_id`) VALUES (134,NULL,'',NULL,10,NULL,NULL,31,44);
INSERT INTO `question_status` (`id`, `assigned_date`, `marked_as_complete`, `notified`, `application_id`, `assigned_by_id`, `assignee_id`, `marked_as_complete_by_id`, `question_id`) VALUES (135,NULL,'',NULL,10,NULL,NULL,31,45);
INSERT INTO `question_status` (`id`, `assigned_date`, `marked_as_complete`, `notified`, `application_id`, `assigned_by_id`, `assignee_id`, `marked_as_complete_by_id`, `question_id`) VALUES (136,NULL,'',NULL,10,NULL,NULL,31,46);
INSERT INTO `question_status` (`id`, `assigned_date`, `marked_as_complete`, `notified`, `application_id`, `assigned_by_id`, `assignee_id`, `marked_as_complete_by_id`, `question_id`) VALUES (137,NULL,'',NULL,10,NULL,NULL,31,47);
INSERT INTO `question_status` (`id`, `assigned_date`, `marked_as_complete`, `notified`, `application_id`, `assigned_by_id`, `assignee_id`, `marked_as_complete_by_id`, `question_id`) VALUES (138,NULL,'',NULL,12,NULL,NULL,33,43);
INSERT INTO `question_status` (`id`, `assigned_date`, `marked_as_complete`, `notified`, `application_id`, `assigned_by_id`, `assignee_id`, `marked_as_complete_by_id`, `question_id`) VALUES (139,NULL,'',NULL,13,NULL,NULL,34,43);
INSERT INTO `question_status` (`id`, `assigned_date`, `marked_as_complete`, `notified`, `application_id`, `assigned_by_id`, `assignee_id`, `marked_as_complete_by_id`, `question_id`) VALUES (140,NULL,'',NULL,13,NULL,NULL,34,44);
INSERT INTO `question_status` (`id`, `assigned_date`, `marked_as_complete`, `notified`, `application_id`, `assigned_by_id`, `assignee_id`, `marked_as_complete_by_id`, `question_id`) VALUES (141,NULL,'',NULL,13,NULL,NULL,34,45);

INSERT INTO `user_organisation` (`user_id`, `organisation_id`) VALUES (18,12);
INSERT INTO `user_organisation` (`user_id`, `organisation_id`) VALUES (19,13);
INSERT INTO `user_organisation` (`user_id`, `organisation_id`) VALUES (20,14);
INSERT INTO `user_organisation` (`user_id`, `organisation_id`) VALUES (21,15);
INSERT INTO `user_organisation` (`user_id`, `organisation_id`) VALUES (22,16);
INSERT INTO `user_organisation` (`user_id`, `organisation_id`) VALUES (23,17);
INSERT INTO `user_organisation` (`user_id`, `organisation_id`) VALUES (24,18);
INSERT INTO `user_organisation` (`user_id`, `organisation_id`) VALUES (25,19);
INSERT INTO `user_organisation` (`user_id`, `organisation_id`) VALUES (26,20);

INSERT INTO `user_role` (`user_id`, `role_id`) VALUES (18,4);
INSERT INTO `user_role` (`user_id`, `role_id`) VALUES (19,4);
INSERT INTO `user_role` (`user_id`, `role_id`) VALUES (20,4);
INSERT INTO `user_role` (`user_id`, `role_id`) VALUES (21,4);
INSERT INTO `user_role` (`user_id`, `role_id`) VALUES (22,4);
INSERT INTO `user_role` (`user_id`, `role_id`) VALUES (23,4);
INSERT INTO `user_role` (`user_id`, `role_id`) VALUES (24,4);
INSERT INTO `user_role` (`user_id`, `role_id`) VALUES (25,4);
INSERT INTO `user_role` (`user_id`, `role_id`) VALUES (26,4);
