
INSERT INTO `address` (`id`, `address_line1`, `address_line2`, `address_line3`, `town`, `postcode`, `county`) VALUES (13,'1 Cheese Road','','','Bath','BA1 5LR','Avon');
INSERT INTO `address` (`id`, `address_line1`, `address_line2`, `address_line3`, `town`, `postcode`, `county`) VALUES (14,'2 Cheese Road','','','Bath','BA1 5LR','Avon');
INSERT INTO `address` (`id`, `address_line1`, `address_line2`, `address_line3`, `town`, `postcode`, `county`) VALUES (15,'3 Cheese Lane','','','Bath','BA1 5LR','Avon');
INSERT INTO `address` (`id`, `address_line1`, `address_line2`, `address_line3`, `town`, `postcode`, `county`) VALUES (16,'4 Cheese Avenue','','','Bath','BA1 5LR','Avon');
INSERT INTO `address` (`id`, `address_line1`, `address_line2`, `address_line3`, `town`, `postcode`, `county`) VALUES (17,'5 Cheese Way','','','Bath','BA1 5LR','Avon');

INSERT INTO `application` (`id`, `duration_in_months`, `name`, `start_date`, `application_status_id`, `competition`, `submitted_date`) VALUES (16,3,'Cheese is good',NULL,2,3,'2016-05-03 17:24:37');
INSERT INTO `application` (`id`, `duration_in_months`, `name`, `start_date`, `application_status_id`, `competition`, `submitted_date`) VALUES (17,3,'Cheese is great',NULL,2,3,'2016-05-03 17:27:20');
INSERT INTO `application` (`id`, `duration_in_months`, `name`, `start_date`, `application_status_id`, `competition`, `submitted_date`) VALUES (18,3,'Cheese is alright',NULL,1,3,NULL);
INSERT INTO `application` (`id`, `duration_in_months`, `name`, `start_date`, `application_status_id`, `competition`, `submitted_date`) VALUES (19,3,'I have no feelings about cheese',NULL,5,3,NULL);
INSERT INTO `application` (`id`, `duration_in_months`, `name`, `start_date`, `application_status_id`, `competition`, `submitted_date`) VALUES (20,3,'What is cheese?',NULL,5,3,NULL);

INSERT INTO `organisation` (`id`, `name`, `company_house_number`, `organisation_size`, `organisation_type_id`) VALUES (21,'Cheeseco','06477798',NULL,1);
INSERT INTO `organisation` (`id`, `name`, `company_house_number`, `organisation_size`, `organisation_type_id`) VALUES (22,'The Best Cheese Company','06477798',NULL,1);
INSERT INTO `organisation` (`id`, `name`, `company_house_number`, `organisation_size`, `organisation_type_id`) VALUES (23,'We Do Cheese','06477798',NULL,1);
INSERT INTO `organisation` (`id`, `name`, `company_house_number`, `organisation_size`, `organisation_type_id`) VALUES (24,'Cheesemongers Associates','06477798',NULL,1);
INSERT INTO `organisation` (`id`, `name`, `company_house_number`, `organisation_size`, `organisation_type_id`) VALUES (25,'Cheddar Is Best Ltd','06477798',NULL,1);

INSERT INTO `application_finance` (`id`, `application_id`, `organisation_id`, `organisation_size`, `finance_file_entry_id`) VALUES (21,16,21,'MEDIUM',NULL);
INSERT INTO `application_finance` (`id`, `application_id`, `organisation_id`, `organisation_size`, `finance_file_entry_id`) VALUES (22,17,22,'MEDIUM',NULL);
INSERT INTO `application_finance` (`id`, `application_id`, `organisation_id`, `organisation_size`, `finance_file_entry_id`) VALUES (23,19,24,NULL,NULL);
INSERT INTO `application_finance` (`id`, `application_id`, `organisation_id`, `organisation_size`, `finance_file_entry_id`) VALUES (24,20,25,'MEDIUM',NULL);

INSERT INTO `cost` (`id`, `cost`, `description`, `item`, `quantity`, `name`, `application_finance_id`, `question_id`) VALUES (209,NULL,'Working days per year','Working days per year',200,'working-days-per-year',21,28);
INSERT INTO `cost` (`id`, `cost`, `description`, `item`, `quantity`, `name`, `application_finance_id`, `question_id`) VALUES (210,NULL,'','DEFAULT_PERCENTAGE',20,'overhead',21,29);
INSERT INTO `cost` (`id`, `cost`, `description`, `item`, `quantity`, `name`, `application_finance_id`, `question_id`) VALUES (211,0,'Grant Claim','',20,'grant-claim',21,38);
INSERT INTO `cost` (`id`, `cost`, `description`, `item`, `quantity`, `name`, `application_finance_id`, `question_id`) VALUES (212,0,'Other Funding','No',0,'other-funding',21,35);
INSERT INTO `cost` (`id`, `cost`, `description`, `item`, `quantity`, `name`, `application_finance_id`, `question_id`) VALUES (213,15000,'','worker',20,'',21,80);
INSERT INTO `cost` (`id`, `cost`, `description`, `item`, `quantity`, `name`, `application_finance_id`, `question_id`) VALUES (214,NULL,'Working days per year','Working days per year',200,'working-days-per-year',22,28);
INSERT INTO `cost` (`id`, `cost`, `description`, `item`, `quantity`, `name`, `application_finance_id`, `question_id`) VALUES (215,NULL,'','NONE',0,'overhead',22,29);
INSERT INTO `cost` (`id`, `cost`, `description`, `item`, `quantity`, `name`, `application_finance_id`, `question_id`) VALUES (216,0,'Grant Claim','',5,'grant-claim',22,38);
INSERT INTO `cost` (`id`, `cost`, `description`, `item`, `quantity`, `name`, `application_finance_id`, `question_id`) VALUES (217,0,'Other Funding','No',0,'other-funding',22,35);
INSERT INTO `cost` (`id`, `cost`, `description`, `item`, `quantity`, `name`, `application_finance_id`, `question_id`) VALUES (218,60000,'','worker',80,'',22,80);
INSERT INTO `cost` (`id`, `cost`, `description`, `item`, `quantity`, `name`, `application_finance_id`, `question_id`) VALUES (219,NULL,'Working days per year','Working days per year',NULL,'working-days-per-year',23,28);
INSERT INTO `cost` (`id`, `cost`, `description`, `item`, `quantity`, `name`, `application_finance_id`, `question_id`) VALUES (220,NULL,'Accept Rate','NONE',NULL,'overhead',23,29);
INSERT INTO `cost` (`id`, `cost`, `description`, `item`, `quantity`, `name`, `application_finance_id`, `question_id`) VALUES (221,0,'Grant Claim','',NULL,'grant-claim',23,38);
INSERT INTO `cost` (`id`, `cost`, `description`, `item`, `quantity`, `name`, `application_finance_id`, `question_id`) VALUES (222,0,'Other Funding','',0,'other-funding',23,35);
INSERT INTO `cost` (`id`, `cost`, `description`, `item`, `quantity`, `name`, `application_finance_id`, `question_id`) VALUES (223,NULL,'Working days per year','Working days per year',200,'working-days-per-year',24,28);
INSERT INTO `cost` (`id`, `cost`, `description`, `item`, `quantity`, `name`, `application_finance_id`, `question_id`) VALUES (224,NULL,'','NONE',0,'overhead',24,29);
INSERT INTO `cost` (`id`, `cost`, `description`, `item`, `quantity`, `name`, `application_finance_id`, `question_id`) VALUES (225,0,'Grant Claim','',18,'grant-claim',24,38);
INSERT INTO `cost` (`id`, `cost`, `description`, `item`, `quantity`, `name`, `application_finance_id`, `question_id`) VALUES (226,0,'Other Funding','No',0,'other-funding',24,35);
INSERT INTO `cost` (`id`, `cost`, `description`, `item`, `quantity`, `name`, `application_finance_id`, `question_id`) VALUES (227,30000,'','worker',100,'',24,80);

INSERT INTO `user` (`id`, `email`, `image_url`, `first_name`, `invite_name`, `last_name`, `phone_number`, `title`, `status`, `uid`, `system_user`) VALUES (27,'test10@test.test',NULL,'test',NULL,'ten','1234567890','Mr','ACTIVE','60139ecc-9524-4e99-b10d-63194510ed22',0);
INSERT INTO `user` (`id`, `email`, `image_url`, `first_name`, `invite_name`, `last_name`, `phone_number`, `title`, `status`, `uid`, `system_user`) VALUES (28,'test11@test.test',NULL,'test',NULL,'eleven','1234567890','Mr','ACTIVE','dac35b48-b9ac-45a0-a257-71596a058e4a',0);
INSERT INTO `user` (`id`, `email`, `image_url`, `first_name`, `invite_name`, `last_name`, `phone_number`, `title`, `status`, `uid`, `system_user`) VALUES (29,'test12@test.test',NULL,'test',NULL,'twelve','1234567890','Mr','ACTIVE','533ab092-1308-4f29-8d9e-3236a7c7e54d',0);
INSERT INTO `user` (`id`, `email`, `image_url`, `first_name`, `invite_name`, `last_name`, `phone_number`, `title`, `status`, `uid`, `system_user`) VALUES (30,'test13@test.test',NULL,'test',NULL,'thirteen','1234567890','Mr','ACTIVE','e2825e42-17ce-4a1e-bef8-ec79d43a600d',0);
INSERT INTO `user` (`id`, `email`, `image_url`, `first_name`, `invite_name`, `last_name`, `phone_number`, `title`, `status`, `uid`, `system_user`) VALUES (31,'test14@test.test',NULL,'test',NULL,'fourteen','1234567890','Mr','ACTIVE','a943bb67-4ed4-4429-8c4b-983414087ef0',0);

INSERT INTO `process_role` (`id`, `application_id`, `organisation_id`, `role_id`, `user_id`) VALUES (39,16,21,1,27);
INSERT INTO `process_role` (`id`, `application_id`, `organisation_id`, `role_id`, `user_id`) VALUES (40,17,22,1,28);
INSERT INTO `process_role` (`id`, `application_id`, `organisation_id`, `role_id`, `user_id`) VALUES (41,18,23,1,29);
INSERT INTO `process_role` (`id`, `application_id`, `organisation_id`, `role_id`, `user_id`) VALUES (42,19,24,1,30);
INSERT INTO `process_role` (`id`, `application_id`, `organisation_id`, `role_id`, `user_id`) VALUES (43,20,25,1,31);

INSERT INTO `form_input_response` (`id`, `update_date`, `value`, `form_input_id`, `updated_by_id`, `application_id`, `file_entry_id`) VALUES (63,'2016-05-03 17:23:07','first answer',68,39,16,NULL);
INSERT INTO `form_input_response` (`id`, `update_date`, `value`, `form_input_id`, `updated_by_id`, `application_id`, `file_entry_id`) VALUES (64,'2016-05-03 17:23:18','second answer',69,39,16,NULL);
INSERT INTO `form_input_response` (`id`, `update_date`, `value`, `form_input_id`, `updated_by_id`, `application_id`, `file_entry_id`) VALUES (65,'2016-05-03 17:23:27','third answer',70,39,16,NULL);
INSERT INTO `form_input_response` (`id`, `update_date`, `value`, `form_input_id`, `updated_by_id`, `application_id`, `file_entry_id`) VALUES (66,'2016-05-03 17:23:35','fourth answer',71,39,16,NULL);
INSERT INTO `form_input_response` (`id`, `update_date`, `value`, `form_input_id`, `updated_by_id`, `application_id`, `file_entry_id`) VALUES (67,'2016-05-03 17:23:46','fifth answer',72,39,16,NULL);
INSERT INTO `form_input_response` (`id`, `update_date`, `value`, `form_input_id`, `updated_by_id`, `application_id`, `file_entry_id`) VALUES (68,'2016-05-03 17:26:06','first answer',68,40,17,NULL);
INSERT INTO `form_input_response` (`id`, `update_date`, `value`, `form_input_id`, `updated_by_id`, `application_id`, `file_entry_id`) VALUES (69,'2016-05-03 17:26:14','second answer',69,40,17,NULL);
INSERT INTO `form_input_response` (`id`, `update_date`, `value`, `form_input_id`, `updated_by_id`, `application_id`, `file_entry_id`) VALUES (70,'2016-05-03 17:26:23','third answer',70,40,17,NULL);
INSERT INTO `form_input_response` (`id`, `update_date`, `value`, `form_input_id`, `updated_by_id`, `application_id`, `file_entry_id`) VALUES (71,'2016-05-03 17:26:31','fourth answer',71,40,17,NULL);
INSERT INTO `form_input_response` (`id`, `update_date`, `value`, `form_input_id`, `updated_by_id`, `application_id`, `file_entry_id`) VALUES (72,'2016-05-03 17:26:39','fifth nswer',72,40,17,NULL);
INSERT INTO `form_input_response` (`id`, `update_date`, `value`, `form_input_id`, `updated_by_id`, `application_id`, `file_entry_id`) VALUES (73,'2016-05-03 17:29:55','first answer',68,42,19,NULL);
INSERT INTO `form_input_response` (`id`, `update_date`, `value`, `form_input_id`, `updated_by_id`, `application_id`, `file_entry_id`) VALUES (74,'2016-05-03 17:31:14','first answer',68,43,20,NULL);

INSERT INTO `organisation_address` (`id`, `address_type`, `address_id`, `organisation_id`) VALUES (13,'REGISTERED',13,21);
INSERT INTO `organisation_address` (`id`, `address_type`, `address_id`, `organisation_id`) VALUES (14,'REGISTERED',14,22);
INSERT INTO `organisation_address` (`id`, `address_type`, `address_id`, `organisation_id`) VALUES (15,'REGISTERED',15,23);
INSERT INTO `organisation_address` (`id`, `address_type`, `address_id`, `organisation_id`) VALUES (16,'REGISTERED',16,24);
INSERT INTO `organisation_address` (`id`, `address_type`, `address_id`, `organisation_id`) VALUES (17,'REGISTERED',17,25);


INSERT INTO `question_status` (`id`, `assigned_date`, `marked_as_complete`, `notified`, `application_id`, `assigned_by_id`, `assignee_id`, `marked_as_complete_by_id`, `question_id`) VALUES (364,NULL,'',NULL,16,NULL,NULL,39,68);
INSERT INTO `question_status` (`id`, `assigned_date`, `marked_as_complete`, `notified`, `application_id`, `assigned_by_id`, `assignee_id`, `marked_as_complete_by_id`, `question_id`) VALUES (365,NULL,'',NULL,16,NULL,NULL,39,69);
INSERT INTO `question_status` (`id`, `assigned_date`, `marked_as_complete`, `notified`, `application_id`, `assigned_by_id`, `assignee_id`, `marked_as_complete_by_id`, `question_id`) VALUES (366,NULL,'',NULL,16,NULL,NULL,39,70);
INSERT INTO `question_status` (`id`, `assigned_date`, `marked_as_complete`, `notified`, `application_id`, `assigned_by_id`, `assignee_id`, `marked_as_complete_by_id`, `question_id`) VALUES (367,NULL,'',NULL,16,NULL,NULL,39,71);
INSERT INTO `question_status` (`id`, `assigned_date`, `marked_as_complete`, `notified`, `application_id`, `assigned_by_id`, `assignee_id`, `marked_as_complete_by_id`, `question_id`) VALUES (368,NULL,'',NULL,16,NULL,NULL,39,72);
INSERT INTO `question_status` (`id`, `assigned_date`, `marked_as_complete`, `notified`, `application_id`, `assigned_by_id`, `assignee_id`, `marked_as_complete_by_id`, `question_id`) VALUES (369,NULL,'',NULL,16,NULL,NULL,39,73);
INSERT INTO `question_status` (`id`, `assigned_date`, `marked_as_complete`, `notified`, `application_id`, `assigned_by_id`, `assignee_id`, `marked_as_complete_by_id`, `question_id`) VALUES (370,'2016-05-03 17:24:26',NULL,'',16,39,39,NULL,73);
INSERT INTO `question_status` (`id`, `assigned_date`, `marked_as_complete`, `notified`, `application_id`, `assigned_by_id`, `assignee_id`, `marked_as_complete_by_id`, `question_id`) VALUES (371,NULL,'',NULL,16,NULL,NULL,39,74);
INSERT INTO `question_status` (`id`, `assigned_date`, `marked_as_complete`, `notified`, `application_id`, `assigned_by_id`, `assignee_id`, `marked_as_complete_by_id`, `question_id`) VALUES (372,'2016-05-03 17:24:26',NULL,'',16,39,39,NULL,74);
INSERT INTO `question_status` (`id`, `assigned_date`, `marked_as_complete`, `notified`, `application_id`, `assigned_by_id`, `assignee_id`, `marked_as_complete_by_id`, `question_id`) VALUES (373,NULL,'',NULL,16,NULL,NULL,39,75);
INSERT INTO `question_status` (`id`, `assigned_date`, `marked_as_complete`, `notified`, `application_id`, `assigned_by_id`, `assignee_id`, `marked_as_complete_by_id`, `question_id`) VALUES (374,'2016-05-03 17:24:26',NULL,'',16,39,39,NULL,75);
INSERT INTO `question_status` (`id`, `assigned_date`, `marked_as_complete`, `notified`, `application_id`, `assigned_by_id`, `assignee_id`, `marked_as_complete_by_id`, `question_id`) VALUES (375,NULL,'',NULL,16,NULL,NULL,39,76);
INSERT INTO `question_status` (`id`, `assigned_date`, `marked_as_complete`, `notified`, `application_id`, `assigned_by_id`, `assignee_id`, `marked_as_complete_by_id`, `question_id`) VALUES (376,'2016-05-03 17:24:26',NULL,'',16,39,39,NULL,76);
INSERT INTO `question_status` (`id`, `assigned_date`, `marked_as_complete`, `notified`, `application_id`, `assigned_by_id`, `assignee_id`, `marked_as_complete_by_id`, `question_id`) VALUES (377,NULL,'',NULL,16,NULL,NULL,39,77);
INSERT INTO `question_status` (`id`, `assigned_date`, `marked_as_complete`, `notified`, `application_id`, `assigned_by_id`, `assignee_id`, `marked_as_complete_by_id`, `question_id`) VALUES (378,'2016-05-03 17:24:26',NULL,'',16,39,39,NULL,77);
INSERT INTO `question_status` (`id`, `assigned_date`, `marked_as_complete`, `notified`, `application_id`, `assigned_by_id`, `assignee_id`, `marked_as_complete_by_id`, `question_id`) VALUES (379,NULL,'',NULL,16,NULL,NULL,39,78);
INSERT INTO `question_status` (`id`, `assigned_date`, `marked_as_complete`, `notified`, `application_id`, `assigned_by_id`, `assignee_id`, `marked_as_complete_by_id`, `question_id`) VALUES (380,'2016-05-03 17:24:26',NULL,'',16,39,39,NULL,78);
INSERT INTO `question_status` (`id`, `assigned_date`, `marked_as_complete`, `notified`, `application_id`, `assigned_by_id`, `assignee_id`, `marked_as_complete_by_id`, `question_id`) VALUES (381,NULL,'',NULL,16,NULL,NULL,39,79);
INSERT INTO `question_status` (`id`, `assigned_date`, `marked_as_complete`, `notified`, `application_id`, `assigned_by_id`, `assignee_id`, `marked_as_complete_by_id`, `question_id`) VALUES (382,'2016-05-03 17:24:26',NULL,'',16,39,39,NULL,79);
INSERT INTO `question_status` (`id`, `assigned_date`, `marked_as_complete`, `notified`, `application_id`, `assigned_by_id`, `assignee_id`, `marked_as_complete_by_id`, `question_id`) VALUES (383,NULL,'',NULL,16,NULL,NULL,39,80);
INSERT INTO `question_status` (`id`, `assigned_date`, `marked_as_complete`, `notified`, `application_id`, `assigned_by_id`, `assignee_id`, `marked_as_complete_by_id`, `question_id`) VALUES (384,'2016-05-03 17:24:26',NULL,'',16,39,39,NULL,80);
INSERT INTO `question_status` (`id`, `assigned_date`, `marked_as_complete`, `notified`, `application_id`, `assigned_by_id`, `assignee_id`, `marked_as_complete_by_id`, `question_id`) VALUES (385,NULL,'',NULL,16,NULL,NULL,39,81);
INSERT INTO `question_status` (`id`, `assigned_date`, `marked_as_complete`, `notified`, `application_id`, `assigned_by_id`, `assignee_id`, `marked_as_complete_by_id`, `question_id`) VALUES (386,'2016-05-03 17:24:26',NULL,'',16,39,39,NULL,81);
INSERT INTO `question_status` (`id`, `assigned_date`, `marked_as_complete`, `notified`, `application_id`, `assigned_by_id`, `assignee_id`, `marked_as_complete_by_id`, `question_id`) VALUES (387,NULL,'',NULL,16,NULL,NULL,39,82);
INSERT INTO `question_status` (`id`, `assigned_date`, `marked_as_complete`, `notified`, `application_id`, `assigned_by_id`, `assignee_id`, `marked_as_complete_by_id`, `question_id`) VALUES (388,'2016-05-03 17:24:26',NULL,'',16,39,39,NULL,82);
INSERT INTO `question_status` (`id`, `assigned_date`, `marked_as_complete`, `notified`, `application_id`, `assigned_by_id`, `assignee_id`, `marked_as_complete_by_id`, `question_id`) VALUES (389,NULL,'',NULL,16,NULL,NULL,39,83);
INSERT INTO `question_status` (`id`, `assigned_date`, `marked_as_complete`, `notified`, `application_id`, `assigned_by_id`, `assignee_id`, `marked_as_complete_by_id`, `question_id`) VALUES (390,'2016-05-03 17:24:26',NULL,'',16,39,39,NULL,83);
INSERT INTO `question_status` (`id`, `assigned_date`, `marked_as_complete`, `notified`, `application_id`, `assigned_by_id`, `assignee_id`, `marked_as_complete_by_id`, `question_id`) VALUES (391,NULL,'',NULL,16,NULL,NULL,39,84);
INSERT INTO `question_status` (`id`, `assigned_date`, `marked_as_complete`, `notified`, `application_id`, `assigned_by_id`, `assignee_id`, `marked_as_complete_by_id`, `question_id`) VALUES (392,'2016-05-03 17:24:26',NULL,'',16,39,39,NULL,84);
INSERT INTO `question_status` (`id`, `assigned_date`, `marked_as_complete`, `notified`, `application_id`, `assigned_by_id`, `assignee_id`, `marked_as_complete_by_id`, `question_id`) VALUES (393,NULL,'',NULL,16,NULL,NULL,39,85);
INSERT INTO `question_status` (`id`, `assigned_date`, `marked_as_complete`, `notified`, `application_id`, `assigned_by_id`, `assignee_id`, `marked_as_complete_by_id`, `question_id`) VALUES (394,'2016-05-03 17:24:26',NULL,'',16,39,39,NULL,85);
INSERT INTO `question_status` (`id`, `assigned_date`, `marked_as_complete`, `notified`, `application_id`, `assigned_by_id`, `assignee_id`, `marked_as_complete_by_id`, `question_id`) VALUES (395,NULL,'',NULL,16,NULL,NULL,39,86);
INSERT INTO `question_status` (`id`, `assigned_date`, `marked_as_complete`, `notified`, `application_id`, `assigned_by_id`, `assignee_id`, `marked_as_complete_by_id`, `question_id`) VALUES (396,'2016-05-03 17:24:26',NULL,'',16,39,39,NULL,86);
INSERT INTO `question_status` (`id`, `assigned_date`, `marked_as_complete`, `notified`, `application_id`, `assigned_by_id`, `assignee_id`, `marked_as_complete_by_id`, `question_id`) VALUES (397,NULL,'',NULL,16,NULL,NULL,39,87);
INSERT INTO `question_status` (`id`, `assigned_date`, `marked_as_complete`, `notified`, `application_id`, `assigned_by_id`, `assignee_id`, `marked_as_complete_by_id`, `question_id`) VALUES (398,'2016-05-03 17:24:26',NULL,'',16,39,39,NULL,87);
INSERT INTO `question_status` (`id`, `assigned_date`, `marked_as_complete`, `notified`, `application_id`, `assigned_by_id`, `assignee_id`, `marked_as_complete_by_id`, `question_id`) VALUES (399,NULL,'',NULL,16,NULL,NULL,39,89);
INSERT INTO `question_status` (`id`, `assigned_date`, `marked_as_complete`, `notified`, `application_id`, `assigned_by_id`, `assignee_id`, `marked_as_complete_by_id`, `question_id`) VALUES (400,'2016-05-03 17:24:26',NULL,'',16,39,39,NULL,89);
INSERT INTO `question_status` (`id`, `assigned_date`, `marked_as_complete`, `notified`, `application_id`, `assigned_by_id`, `assignee_id`, `marked_as_complete_by_id`, `question_id`) VALUES (401,NULL,'',NULL,16,NULL,NULL,39,90);
INSERT INTO `question_status` (`id`, `assigned_date`, `marked_as_complete`, `notified`, `application_id`, `assigned_by_id`, `assignee_id`, `marked_as_complete_by_id`, `question_id`) VALUES (402,'2016-05-03 17:24:26',NULL,'',16,39,39,NULL,90);
INSERT INTO `question_status` (`id`, `assigned_date`, `marked_as_complete`, `notified`, `application_id`, `assigned_by_id`, `assignee_id`, `marked_as_complete_by_id`, `question_id`) VALUES (403,NULL,'',NULL,16,NULL,NULL,39,92);
INSERT INTO `question_status` (`id`, `assigned_date`, `marked_as_complete`, `notified`, `application_id`, `assigned_by_id`, `assignee_id`, `marked_as_complete_by_id`, `question_id`) VALUES (404,'2016-05-03 17:24:26',NULL,'',16,39,39,NULL,92);
INSERT INTO `question_status` (`id`, `assigned_date`, `marked_as_complete`, `notified`, `application_id`, `assigned_by_id`, `assignee_id`, `marked_as_complete_by_id`, `question_id`) VALUES (405,NULL,'',NULL,17,NULL,NULL,40,68);
INSERT INTO `question_status` (`id`, `assigned_date`, `marked_as_complete`, `notified`, `application_id`, `assigned_by_id`, `assignee_id`, `marked_as_complete_by_id`, `question_id`) VALUES (406,NULL,'',NULL,17,NULL,NULL,40,69);
INSERT INTO `question_status` (`id`, `assigned_date`, `marked_as_complete`, `notified`, `application_id`, `assigned_by_id`, `assignee_id`, `marked_as_complete_by_id`, `question_id`) VALUES (407,NULL,'',NULL,17,NULL,NULL,40,70);
INSERT INTO `question_status` (`id`, `assigned_date`, `marked_as_complete`, `notified`, `application_id`, `assigned_by_id`, `assignee_id`, `marked_as_complete_by_id`, `question_id`) VALUES (408,NULL,'',NULL,17,NULL,NULL,40,71);
INSERT INTO `question_status` (`id`, `assigned_date`, `marked_as_complete`, `notified`, `application_id`, `assigned_by_id`, `assignee_id`, `marked_as_complete_by_id`, `question_id`) VALUES (409,NULL,'',NULL,17,NULL,NULL,40,72);
INSERT INTO `question_status` (`id`, `assigned_date`, `marked_as_complete`, `notified`, `application_id`, `assigned_by_id`, `assignee_id`, `marked_as_complete_by_id`, `question_id`) VALUES (410,NULL,'',NULL,17,NULL,NULL,40,73);
INSERT INTO `question_status` (`id`, `assigned_date`, `marked_as_complete`, `notified`, `application_id`, `assigned_by_id`, `assignee_id`, `marked_as_complete_by_id`, `question_id`) VALUES (411,'2016-05-03 17:27:10',NULL,'',17,40,40,NULL,73);
INSERT INTO `question_status` (`id`, `assigned_date`, `marked_as_complete`, `notified`, `application_id`, `assigned_by_id`, `assignee_id`, `marked_as_complete_by_id`, `question_id`) VALUES (412,NULL,'',NULL,17,NULL,NULL,40,74);
INSERT INTO `question_status` (`id`, `assigned_date`, `marked_as_complete`, `notified`, `application_id`, `assigned_by_id`, `assignee_id`, `marked_as_complete_by_id`, `question_id`) VALUES (413,'2016-05-03 17:27:10',NULL,'',17,40,40,NULL,74);
INSERT INTO `question_status` (`id`, `assigned_date`, `marked_as_complete`, `notified`, `application_id`, `assigned_by_id`, `assignee_id`, `marked_as_complete_by_id`, `question_id`) VALUES (414,NULL,'',NULL,17,NULL,NULL,40,75);
INSERT INTO `question_status` (`id`, `assigned_date`, `marked_as_complete`, `notified`, `application_id`, `assigned_by_id`, `assignee_id`, `marked_as_complete_by_id`, `question_id`) VALUES (415,'2016-05-03 17:27:10',NULL,'',17,40,40,NULL,75);
INSERT INTO `question_status` (`id`, `assigned_date`, `marked_as_complete`, `notified`, `application_id`, `assigned_by_id`, `assignee_id`, `marked_as_complete_by_id`, `question_id`) VALUES (416,NULL,'',NULL,17,NULL,NULL,40,76);
INSERT INTO `question_status` (`id`, `assigned_date`, `marked_as_complete`, `notified`, `application_id`, `assigned_by_id`, `assignee_id`, `marked_as_complete_by_id`, `question_id`) VALUES (417,'2016-05-03 17:27:10',NULL,'',17,40,40,NULL,76);
INSERT INTO `question_status` (`id`, `assigned_date`, `marked_as_complete`, `notified`, `application_id`, `assigned_by_id`, `assignee_id`, `marked_as_complete_by_id`, `question_id`) VALUES (418,NULL,'',NULL,17,NULL,NULL,40,77);
INSERT INTO `question_status` (`id`, `assigned_date`, `marked_as_complete`, `notified`, `application_id`, `assigned_by_id`, `assignee_id`, `marked_as_complete_by_id`, `question_id`) VALUES (419,'2016-05-03 17:27:10',NULL,'',17,40,40,NULL,77);
INSERT INTO `question_status` (`id`, `assigned_date`, `marked_as_complete`, `notified`, `application_id`, `assigned_by_id`, `assignee_id`, `marked_as_complete_by_id`, `question_id`) VALUES (420,NULL,'',NULL,17,NULL,NULL,40,78);
INSERT INTO `question_status` (`id`, `assigned_date`, `marked_as_complete`, `notified`, `application_id`, `assigned_by_id`, `assignee_id`, `marked_as_complete_by_id`, `question_id`) VALUES (421,'2016-05-03 17:27:10',NULL,'',17,40,40,NULL,78);
INSERT INTO `question_status` (`id`, `assigned_date`, `marked_as_complete`, `notified`, `application_id`, `assigned_by_id`, `assignee_id`, `marked_as_complete_by_id`, `question_id`) VALUES (422,NULL,'',NULL,17,NULL,NULL,40,79);
INSERT INTO `question_status` (`id`, `assigned_date`, `marked_as_complete`, `notified`, `application_id`, `assigned_by_id`, `assignee_id`, `marked_as_complete_by_id`, `question_id`) VALUES (423,'2016-05-03 17:27:10',NULL,'',17,40,40,NULL,79);
INSERT INTO `question_status` (`id`, `assigned_date`, `marked_as_complete`, `notified`, `application_id`, `assigned_by_id`, `assignee_id`, `marked_as_complete_by_id`, `question_id`) VALUES (424,NULL,'',NULL,17,NULL,NULL,40,80);
INSERT INTO `question_status` (`id`, `assigned_date`, `marked_as_complete`, `notified`, `application_id`, `assigned_by_id`, `assignee_id`, `marked_as_complete_by_id`, `question_id`) VALUES (425,'2016-05-03 17:27:10',NULL,'',17,40,40,NULL,80);
INSERT INTO `question_status` (`id`, `assigned_date`, `marked_as_complete`, `notified`, `application_id`, `assigned_by_id`, `assignee_id`, `marked_as_complete_by_id`, `question_id`) VALUES (426,NULL,'',NULL,17,NULL,NULL,40,81);
INSERT INTO `question_status` (`id`, `assigned_date`, `marked_as_complete`, `notified`, `application_id`, `assigned_by_id`, `assignee_id`, `marked_as_complete_by_id`, `question_id`) VALUES (427,'2016-05-03 17:27:10',NULL,'',17,40,40,NULL,81);
INSERT INTO `question_status` (`id`, `assigned_date`, `marked_as_complete`, `notified`, `application_id`, `assigned_by_id`, `assignee_id`, `marked_as_complete_by_id`, `question_id`) VALUES (428,NULL,'',NULL,17,NULL,NULL,40,82);
INSERT INTO `question_status` (`id`, `assigned_date`, `marked_as_complete`, `notified`, `application_id`, `assigned_by_id`, `assignee_id`, `marked_as_complete_by_id`, `question_id`) VALUES (429,'2016-05-03 17:27:10',NULL,'',17,40,40,NULL,82);
INSERT INTO `question_status` (`id`, `assigned_date`, `marked_as_complete`, `notified`, `application_id`, `assigned_by_id`, `assignee_id`, `marked_as_complete_by_id`, `question_id`) VALUES (430,NULL,'',NULL,17,NULL,NULL,40,83);
INSERT INTO `question_status` (`id`, `assigned_date`, `marked_as_complete`, `notified`, `application_id`, `assigned_by_id`, `assignee_id`, `marked_as_complete_by_id`, `question_id`) VALUES (431,'2016-05-03 17:27:10',NULL,'',17,40,40,NULL,83);
INSERT INTO `question_status` (`id`, `assigned_date`, `marked_as_complete`, `notified`, `application_id`, `assigned_by_id`, `assignee_id`, `marked_as_complete_by_id`, `question_id`) VALUES (432,NULL,'',NULL,17,NULL,NULL,40,84);
INSERT INTO `question_status` (`id`, `assigned_date`, `marked_as_complete`, `notified`, `application_id`, `assigned_by_id`, `assignee_id`, `marked_as_complete_by_id`, `question_id`) VALUES (433,'2016-05-03 17:27:10',NULL,'',17,40,40,NULL,84);
INSERT INTO `question_status` (`id`, `assigned_date`, `marked_as_complete`, `notified`, `application_id`, `assigned_by_id`, `assignee_id`, `marked_as_complete_by_id`, `question_id`) VALUES (434,NULL,'',NULL,17,NULL,NULL,40,85);
INSERT INTO `question_status` (`id`, `assigned_date`, `marked_as_complete`, `notified`, `application_id`, `assigned_by_id`, `assignee_id`, `marked_as_complete_by_id`, `question_id`) VALUES (435,'2016-05-03 17:27:10',NULL,'',17,40,40,NULL,85);
INSERT INTO `question_status` (`id`, `assigned_date`, `marked_as_complete`, `notified`, `application_id`, `assigned_by_id`, `assignee_id`, `marked_as_complete_by_id`, `question_id`) VALUES (436,NULL,'',NULL,17,NULL,NULL,40,86);
INSERT INTO `question_status` (`id`, `assigned_date`, `marked_as_complete`, `notified`, `application_id`, `assigned_by_id`, `assignee_id`, `marked_as_complete_by_id`, `question_id`) VALUES (437,'2016-05-03 17:27:10',NULL,'',17,40,40,NULL,86);
INSERT INTO `question_status` (`id`, `assigned_date`, `marked_as_complete`, `notified`, `application_id`, `assigned_by_id`, `assignee_id`, `marked_as_complete_by_id`, `question_id`) VALUES (438,NULL,'',NULL,17,NULL,NULL,40,87);
INSERT INTO `question_status` (`id`, `assigned_date`, `marked_as_complete`, `notified`, `application_id`, `assigned_by_id`, `assignee_id`, `marked_as_complete_by_id`, `question_id`) VALUES (439,'2016-05-03 17:27:10',NULL,'',17,40,40,NULL,87);
INSERT INTO `question_status` (`id`, `assigned_date`, `marked_as_complete`, `notified`, `application_id`, `assigned_by_id`, `assignee_id`, `marked_as_complete_by_id`, `question_id`) VALUES (440,NULL,'',NULL,17,NULL,NULL,40,89);
INSERT INTO `question_status` (`id`, `assigned_date`, `marked_as_complete`, `notified`, `application_id`, `assigned_by_id`, `assignee_id`, `marked_as_complete_by_id`, `question_id`) VALUES (441,'2016-05-03 17:27:10',NULL,'',17,40,40,NULL,89);
INSERT INTO `question_status` (`id`, `assigned_date`, `marked_as_complete`, `notified`, `application_id`, `assigned_by_id`, `assignee_id`, `marked_as_complete_by_id`, `question_id`) VALUES (442,NULL,'',NULL,17,NULL,NULL,40,90);
INSERT INTO `question_status` (`id`, `assigned_date`, `marked_as_complete`, `notified`, `application_id`, `assigned_by_id`, `assignee_id`, `marked_as_complete_by_id`, `question_id`) VALUES (443,'2016-05-03 17:27:10',NULL,'',17,40,40,NULL,90);
INSERT INTO `question_status` (`id`, `assigned_date`, `marked_as_complete`, `notified`, `application_id`, `assigned_by_id`, `assignee_id`, `marked_as_complete_by_id`, `question_id`) VALUES (444,NULL,'',NULL,17,NULL,NULL,40,92);
INSERT INTO `question_status` (`id`, `assigned_date`, `marked_as_complete`, `notified`, `application_id`, `assigned_by_id`, `assignee_id`, `marked_as_complete_by_id`, `question_id`) VALUES (445,'2016-05-03 17:27:10',NULL,'',17,40,40,NULL,92);
INSERT INTO `question_status` (`id`, `assigned_date`, `marked_as_complete`, `notified`, `application_id`, `assigned_by_id`, `assignee_id`, `marked_as_complete_by_id`, `question_id`) VALUES (446,NULL,'',NULL,19,NULL,NULL,42,68);
INSERT INTO `question_status` (`id`, `assigned_date`, `marked_as_complete`, `notified`, `application_id`, `assigned_by_id`, `assignee_id`, `marked_as_complete_by_id`, `question_id`) VALUES (447,NULL,'',NULL,20,NULL,NULL,43,68);
INSERT INTO `question_status` (`id`, `assigned_date`, `marked_as_complete`, `notified`, `application_id`, `assigned_by_id`, `assignee_id`, `marked_as_complete_by_id`, `question_id`) VALUES (448,NULL,'',NULL,20,NULL,NULL,43,73);
INSERT INTO `question_status` (`id`, `assigned_date`, `marked_as_complete`, `notified`, `application_id`, `assigned_by_id`, `assignee_id`, `marked_as_complete_by_id`, `question_id`) VALUES (449,'2016-05-03 17:31:48',NULL,'',20,43,43,NULL,73);
INSERT INTO `question_status` (`id`, `assigned_date`, `marked_as_complete`, `notified`, `application_id`, `assigned_by_id`, `assignee_id`, `marked_as_complete_by_id`, `question_id`) VALUES (450,NULL,'',NULL,20,NULL,NULL,43,74);
INSERT INTO `question_status` (`id`, `assigned_date`, `marked_as_complete`, `notified`, `application_id`, `assigned_by_id`, `assignee_id`, `marked_as_complete_by_id`, `question_id`) VALUES (451,'2016-05-03 17:31:48',NULL,'',20,43,43,NULL,74);
INSERT INTO `question_status` (`id`, `assigned_date`, `marked_as_complete`, `notified`, `application_id`, `assigned_by_id`, `assignee_id`, `marked_as_complete_by_id`, `question_id`) VALUES (452,NULL,'',NULL,20,NULL,NULL,43,75);
INSERT INTO `question_status` (`id`, `assigned_date`, `marked_as_complete`, `notified`, `application_id`, `assigned_by_id`, `assignee_id`, `marked_as_complete_by_id`, `question_id`) VALUES (453,'2016-05-03 17:31:48',NULL,'',20,43,43,NULL,75);
INSERT INTO `question_status` (`id`, `assigned_date`, `marked_as_complete`, `notified`, `application_id`, `assigned_by_id`, `assignee_id`, `marked_as_complete_by_id`, `question_id`) VALUES (454,NULL,'',NULL,20,NULL,NULL,43,76);
INSERT INTO `question_status` (`id`, `assigned_date`, `marked_as_complete`, `notified`, `application_id`, `assigned_by_id`, `assignee_id`, `marked_as_complete_by_id`, `question_id`) VALUES (455,'2016-05-03 17:31:48',NULL,'',20,43,43,NULL,76);
INSERT INTO `question_status` (`id`, `assigned_date`, `marked_as_complete`, `notified`, `application_id`, `assigned_by_id`, `assignee_id`, `marked_as_complete_by_id`, `question_id`) VALUES (456,NULL,'',NULL,20,NULL,NULL,43,77);
INSERT INTO `question_status` (`id`, `assigned_date`, `marked_as_complete`, `notified`, `application_id`, `assigned_by_id`, `assignee_id`, `marked_as_complete_by_id`, `question_id`) VALUES (457,'2016-05-03 17:31:48',NULL,'',20,43,43,NULL,77);
INSERT INTO `question_status` (`id`, `assigned_date`, `marked_as_complete`, `notified`, `application_id`, `assigned_by_id`, `assignee_id`, `marked_as_complete_by_id`, `question_id`) VALUES (458,NULL,'',NULL,20,NULL,NULL,43,78);
INSERT INTO `question_status` (`id`, `assigned_date`, `marked_as_complete`, `notified`, `application_id`, `assigned_by_id`, `assignee_id`, `marked_as_complete_by_id`, `question_id`) VALUES (459,'2016-05-03 17:31:48',NULL,'',20,43,43,NULL,78);
INSERT INTO `question_status` (`id`, `assigned_date`, `marked_as_complete`, `notified`, `application_id`, `assigned_by_id`, `assignee_id`, `marked_as_complete_by_id`, `question_id`) VALUES (460,NULL,'',NULL,20,NULL,NULL,43,79);
INSERT INTO `question_status` (`id`, `assigned_date`, `marked_as_complete`, `notified`, `application_id`, `assigned_by_id`, `assignee_id`, `marked_as_complete_by_id`, `question_id`) VALUES (461,'2016-05-03 17:31:48',NULL,'',20,43,43,NULL,79);
INSERT INTO `question_status` (`id`, `assigned_date`, `marked_as_complete`, `notified`, `application_id`, `assigned_by_id`, `assignee_id`, `marked_as_complete_by_id`, `question_id`) VALUES (462,NULL,'',NULL,20,NULL,NULL,43,80);
INSERT INTO `question_status` (`id`, `assigned_date`, `marked_as_complete`, `notified`, `application_id`, `assigned_by_id`, `assignee_id`, `marked_as_complete_by_id`, `question_id`) VALUES (463,'2016-05-03 17:31:48',NULL,'',20,43,43,NULL,80);
INSERT INTO `question_status` (`id`, `assigned_date`, `marked_as_complete`, `notified`, `application_id`, `assigned_by_id`, `assignee_id`, `marked_as_complete_by_id`, `question_id`) VALUES (464,NULL,'',NULL,20,NULL,NULL,43,81);
INSERT INTO `question_status` (`id`, `assigned_date`, `marked_as_complete`, `notified`, `application_id`, `assigned_by_id`, `assignee_id`, `marked_as_complete_by_id`, `question_id`) VALUES (465,'2016-05-03 17:31:48',NULL,'',20,43,43,NULL,81);
INSERT INTO `question_status` (`id`, `assigned_date`, `marked_as_complete`, `notified`, `application_id`, `assigned_by_id`, `assignee_id`, `marked_as_complete_by_id`, `question_id`) VALUES (466,NULL,'',NULL,20,NULL,NULL,43,82);
INSERT INTO `question_status` (`id`, `assigned_date`, `marked_as_complete`, `notified`, `application_id`, `assigned_by_id`, `assignee_id`, `marked_as_complete_by_id`, `question_id`) VALUES (467,'2016-05-03 17:31:48',NULL,'',20,43,43,NULL,82);
INSERT INTO `question_status` (`id`, `assigned_date`, `marked_as_complete`, `notified`, `application_id`, `assigned_by_id`, `assignee_id`, `marked_as_complete_by_id`, `question_id`) VALUES (468,NULL,'',NULL,20,NULL,NULL,43,83);
INSERT INTO `question_status` (`id`, `assigned_date`, `marked_as_complete`, `notified`, `application_id`, `assigned_by_id`, `assignee_id`, `marked_as_complete_by_id`, `question_id`) VALUES (469,'2016-05-03 17:31:48',NULL,'',20,43,43,NULL,83);
INSERT INTO `question_status` (`id`, `assigned_date`, `marked_as_complete`, `notified`, `application_id`, `assigned_by_id`, `assignee_id`, `marked_as_complete_by_id`, `question_id`) VALUES (470,NULL,'',NULL,20,NULL,NULL,43,84);
INSERT INTO `question_status` (`id`, `assigned_date`, `marked_as_complete`, `notified`, `application_id`, `assigned_by_id`, `assignee_id`, `marked_as_complete_by_id`, `question_id`) VALUES (471,'2016-05-03 17:31:48',NULL,'',20,43,43,NULL,84);
INSERT INTO `question_status` (`id`, `assigned_date`, `marked_as_complete`, `notified`, `application_id`, `assigned_by_id`, `assignee_id`, `marked_as_complete_by_id`, `question_id`) VALUES (472,NULL,'',NULL,20,NULL,NULL,43,85);
INSERT INTO `question_status` (`id`, `assigned_date`, `marked_as_complete`, `notified`, `application_id`, `assigned_by_id`, `assignee_id`, `marked_as_complete_by_id`, `question_id`) VALUES (473,'2016-05-03 17:31:48',NULL,'',20,43,43,NULL,85);
INSERT INTO `question_status` (`id`, `assigned_date`, `marked_as_complete`, `notified`, `application_id`, `assigned_by_id`, `assignee_id`, `marked_as_complete_by_id`, `question_id`) VALUES (474,NULL,'',NULL,20,NULL,NULL,43,86);
INSERT INTO `question_status` (`id`, `assigned_date`, `marked_as_complete`, `notified`, `application_id`, `assigned_by_id`, `assignee_id`, `marked_as_complete_by_id`, `question_id`) VALUES (475,'2016-05-03 17:31:48',NULL,'',20,43,43,NULL,86);
INSERT INTO `question_status` (`id`, `assigned_date`, `marked_as_complete`, `notified`, `application_id`, `assigned_by_id`, `assignee_id`, `marked_as_complete_by_id`, `question_id`) VALUES (476,NULL,'',NULL,20,NULL,NULL,43,87);
INSERT INTO `question_status` (`id`, `assigned_date`, `marked_as_complete`, `notified`, `application_id`, `assigned_by_id`, `assignee_id`, `marked_as_complete_by_id`, `question_id`) VALUES (477,'2016-05-03 17:31:48',NULL,'',20,43,43,NULL,87);
INSERT INTO `question_status` (`id`, `assigned_date`, `marked_as_complete`, `notified`, `application_id`, `assigned_by_id`, `assignee_id`, `marked_as_complete_by_id`, `question_id`) VALUES (478,NULL,'',NULL,20,NULL,NULL,43,89);
INSERT INTO `question_status` (`id`, `assigned_date`, `marked_as_complete`, `notified`, `application_id`, `assigned_by_id`, `assignee_id`, `marked_as_complete_by_id`, `question_id`) VALUES (479,'2016-05-03 17:31:48',NULL,'',20,43,43,NULL,89);
INSERT INTO `question_status` (`id`, `assigned_date`, `marked_as_complete`, `notified`, `application_id`, `assigned_by_id`, `assignee_id`, `marked_as_complete_by_id`, `question_id`) VALUES (480,NULL,'',NULL,20,NULL,NULL,43,90);
INSERT INTO `question_status` (`id`, `assigned_date`, `marked_as_complete`, `notified`, `application_id`, `assigned_by_id`, `assignee_id`, `marked_as_complete_by_id`, `question_id`) VALUES (481,'2016-05-03 17:31:48',NULL,'',20,43,43,NULL,90);
INSERT INTO `question_status` (`id`, `assigned_date`, `marked_as_complete`, `notified`, `application_id`, `assigned_by_id`, `assignee_id`, `marked_as_complete_by_id`, `question_id`) VALUES (482,NULL,'',NULL,20,NULL,NULL,43,92);
INSERT INTO `question_status` (`id`, `assigned_date`, `marked_as_complete`, `notified`, `application_id`, `assigned_by_id`, `assignee_id`, `marked_as_complete_by_id`, `question_id`) VALUES (483,'2016-05-03 17:31:48',NULL,'',20,43,43,NULL,92);

INSERT INTO `user_organisation` (`user_id`, `organisation_id`) VALUES (27,21);
INSERT INTO `user_organisation` (`user_id`, `organisation_id`) VALUES (28,22);
INSERT INTO `user_organisation` (`user_id`, `organisation_id`) VALUES (29,23);
INSERT INTO `user_organisation` (`user_id`, `organisation_id`) VALUES (30,24);
INSERT INTO `user_organisation` (`user_id`, `organisation_id`) VALUES (31,25);

INSERT INTO `user_role` (`user_id`, `role_id`) VALUES (27,4);
INSERT INTO `user_role` (`user_id`, `role_id`) VALUES (28,4);
INSERT INTO `user_role` (`user_id`, `role_id`) VALUES (29,4);
INSERT INTO `user_role` (`user_id`, `role_id`) VALUES (30,4);
INSERT INTO `user_role` (`user_id`, `role_id`) VALUES (31,4);




