INSERT INTO `competition` (template, name) VALUES (1, 'Template for the Programme competition type');
SET @programme_template_id=LAST_INSERT_ID();
UPDATE `competition_type` SET template_competition_id=@programme_template_id WHERE name='Programme';

INSERT INTO `competition` (template, name) VALUES (1, 'Template for the Sector competition type');
SET @sector_template_id=LAST_INSERT_ID();
UPDATE `competition_type` SET template_competition_id=@sector_template_id WHERE name='Sector';

-- Programme sections
INSERT INTO `section` (id, section_type, name, description, assessor_guidance_description, parent_section_id, competition_id, priority, display_in_assessment_application_summary, question_group) VALUES
 (201, 'GENERAL', 'Project details', 'Please provide Innovate UK with information about your project. These sections are not scored but will provide background to the project.', 'These sections give important background information on the project. They do not need scoring.', null, @programme_template_id, 1, 1, 0),
 (202, 'GENERAL', 'Application questions', 'These are the 10 questions which will be marked by assessors. Each question is marked out of 10 points.', 'Each question should be given a score out of 10. Written feedback should also be given.', null, @programme_template_id, 2, 1, 0),
 (203, 'ORGANISATION_FINANCES', 'Finances', 'Each partner is required to submit their own project finances and funding rates. The overall project costs for all partners can be seen in the Finances overview section', 'Each partner is required to submit their own project finances and funding rates. The overall project costs for all partners can be seen in the Finances overview section', null, @programme_template_id, 3, 1, 0),
 (204, 'FINANCE', 'Your finances', null, null, 203, @programme_template_id, 4, 1, 0),
 (205, 'GENERAL', 'Finances overview', 'This is the financial overview of all partners in this collaboration. Each partner should submit their organisation\'s finances in the \'your finances\' section. All partners will see this level of detail.', null, 203, @programme_template_id, 5, 0, 0),
 (206, 'GENERAL', 'Labour', null, null, 204, @programme_template_id, 6, 0, 0),
 (207, 'GENERAL', 'Administration support costs', null, null, 204, @programme_template_id, 7, 0, 0),
 (208, 'GENERAL', 'Materials', null, null, 204, @programme_template_id, 8, 0, 0),
 (209, 'GENERAL', 'Capital usage', null, null, 204, @programme_template_id, 9, 0, 0),
 (210, 'GENERAL', 'Subcontracting costs', null, null, 204, @programme_template_id, 10, 0, 0),
 (211, 'GENERAL', 'Travel and subsistence', null, null, 204, @programme_template_id, 11, 0, 0),
 (212, 'GENERAL', 'Other Costs', null, null, 204, @programme_template_id, 12, 0, 0),

-- Sector sections
 (213, 'GENERAL', 'Project details', 'Please provide Innovate UK with information about your project. These sections are not scored but will provide background to the project.', 'These sections give important background information on the project. They do not need scoring.', null, @sector_template_id, 1, 1, 0),
 (214, 'GENERAL', 'Application questions', 'These are the 10 questions which will be marked by assessors. Each question is marked out of 10 points.', 'Each question should be given a score out of 10. Written feedback should also be given.', null, @sector_template_id, 2, 1, 0),
 (215, 'ORGANISATION_FINANCES', 'Finances', 'Each partner is required to submit their own project finances and funding rates. The overall project costs for all partners can be seen in the Finances overview section', 'Each partner is required to submit their own project finances and funding rates. The overall project costs for all partners can be seen in the Finances overview section', null, @sector_template_id, 3, 1, 0),
 (216, 'FINANCE', 'Your finances', null, null, 215, @sector_template_id, 4, 1, 0),
 (217, 'GENERAL', 'Finances overview', 'This is the financial overview of all partners in this collaboration. Each partner should submit their organisation\'s finances in the \'your finances\' section. All partners will see this level of detail.', null, 215, @sector_template_id, 5, 0, 0),
 (218, 'GENERAL', 'Labour', null, null, 216, @sector_template_id, 6, 0, 0),
 (219, 'GENERAL', 'Administration support costs', null, null, 216, @sector_template_id, 7, 0, 0),
 (220, 'GENERAL', 'Materials', null, null, 216, @sector_template_id, 8, 0, 0),
 (221, 'GENERAL', 'Capital usage', null, null, 216, @sector_template_id, 9, 0, 0),
 (222, 'GENERAL', 'Subcontracting costs', null, null, 216, @sector_template_id, 10, 0, 0),
 (223, 'GENERAL', 'Travel and subsistence', null, null, 216, @sector_template_id, 11, 0, 0),
 (224, 'GENERAL', 'Other Costs', null, null, 216, @sector_template_id, 12, 0, 0);

-- Programme questions
INSERT INTO `question` (`id`,`priority`,`question_number`,`section_id`,`name`,`short_name`,`description`,`assessor_maximum_score`) VALUES
 (301,1,'1',202,'What is the business opportunity that your project addresses?','Business opportunity',NULL,10),
 (302,2,'2',202,'What is the size of the potential market for your project?','Potential market',NULL,10),
 (303,3,'3',202,'How will you exploit and market your project?','Project exploitation',NULL,10),
 (304,4,'4',202,'What economic, social and environmental benefits do you expect your project to deliver and when?','Economic benefit',NULL,10),
 (305,5,'5',202,'What technical approach will you use and how will you manage your project?','Technical approach','Describe the areas of work and your objectives. List all resource and management needs. Provide an overview of your technical approach.',10),
 (306,6,'6',202,'What is innovative about your project?','Innovation','Explain how your project is innovative in both a commercial and technical sense.',10),
 (307,7,'7',202,'What are the risks (technical, commercial and environmental) to your project\'s success? What is your risk management strategy?','Risks','We recognise that many of the projects we fund are risky. This is why we need to be sure that you have an adequate plan for managing this risk.',10),
 (308,8,'8',202,'Does your project team have the skills, experience and facilities to deliver this project?','Project team','Describe your capability to develop and exploit this technology. Include details of your team\'s track record in managing research and development projects.',10),
 (309,1,NULL,201,'Application details','Application details','Enter the full title of the project',10),
 (310,2,NULL,201,'Project summary','Project summary\n','Please provide a short summary of your project. Make sure you include what is innovative about it.',10),
 (311,3,NULL,201,'Public description','Public description\n','Please provide a brief description of your project. If your application is successful, we will publish this description. This question is mandatory but we will not assess this content as part of your application.',10),
 (312,4,NULL,201,'How does your project align with the scope of this competition?','Scope','If your application doesn\'t align with the scope, we will reject it.',10),
 (313,5,'9',202,'What will your project cost?','Funding','Tell us the total costs of the project and how much funding you need from Innovate UK. Please provide details of your expected project costs along with any supporting information. Please justify any large expenditure in your project.',10),
 (314,6,'10',202,'How does financial support from Innovate UK and its funding partners add value?','Adding value',' ',10),
 (315,7,NULL,204,'Provide the project costs for \'{organisationName}\'',NULL,'Only your organisation can see this level of detail. All members of your organisation can access and edit your finances. We recommend assigning completion of your finances to one member of your team. <a href=\"https://www.gov.uk/government/publications/innovate-uk-completing-your-application-project-costs-guidance\" rel=\"external\">Find out which project costs are eligible.</a> ',10),
 (316,8,NULL,206,NULL,NULL,'<p>You may claim the labour costs of all individuals you have working on your project.</p> <p> If your application is awarded funding, you will need to account for all your labour costs as they occur. For example, you should keep timesheets and payroll records. These should show the actual hours worked by individuals and paid by the organisation.</p>',10),
 (317,9,NULL,207,NULL,NULL,NULL,10),
 (318,10,NULL,208,NULL,NULL,'<p>You can claim the costs of materials used on your project providing:</p><ul class=\"list-bullet\"><li>they are not already purchased or included in the administration support costs</li><li>they are purchased from third parties</li><li>they won’t have a residual/resale value at the end of your project. If they do you can claim the costs minus this value</li></ul><p><a href=\"https://www.gov.uk/government/publications/innovate-uk-completing-your-application-project-costs-guidance\" rel=\"external\">Please refer to our guide to project costs for further information.</a></p>',10),
 (319,10,NULL,209,NULL,NULL,'<p>You should provide details of capital equipment and tools you will buy for, or use on, your project.</p>',10),
 (320,10,NULL,210,NULL,NULL,'<p>You may subcontract work if you don’t have the expertise in your consortium. You can also subcontract if it is cheaper than developing your skills in-house.</p>',10),
 (321,10,NULL,211,NULL,NULL,'<p>You should include travel and subsistence costs that relate only to this project. </p>',10),
 (322,10,NULL,212,NULL,NULL,'<p>Please tell us if you have applied for or received any other public sector funding for this project. Any other funding received will need to be deducted from the total value of any funding you are claiming for this project.</p>',10),
 (323,11,NULL,206,'Labour',NULL,NULL,10),
 (324,12,NULL,207,'Overheads',NULL,'<p>You may incur indirect support staff costs linked with your administrative work for the project. To be eligible, these costs should be directly attributable and incremental to the project. Indirect costs associated with commercial activities are not eligible and must not be included. For further information on which costs are eligible please read our <a href=\"https://www.gov.uk/government/publications/innovate-uk-completing-your-application-project-costs-guidance\">project costs guidance</a>.</p>',10),
 (325,13,NULL,208,'Materials',NULL,'Please provide a breakdown of the materials you expect to use during the project',10),
 (326,14,NULL,209,'Capital Usage',NULL,'Please provide a breakdown of the capital items you will buy and/or use for the project.',10),
 (327,15,NULL,210,'Sub-contracting costs',NULL,'Please provide details of any work that you expect to subcontract for your project.',10),
 (328,16,NULL,211,'Travel and subsistence',NULL,NULL,10),
 (329,17,NULL,212,'Other costs',NULL,'Please note that legal or project audit and accountancy fees are not eligible and should not be included as an \'other cost’. Patent filing costs of NEW IP relating to the project are limited to £7,500 for SME applicants only.  Please provide estimates of other costs that do not fit within any other cost headings.',10),
 (330,18,NULL,204,'Other funding',NULL,'Please tell us if you have ever applied for or received any other public sector funding for this project. You should also include details of any offers of funding you\'ve received.',10),
 (331,19,NULL,205,'FINANCE_SUMMARY_INDICATOR_STRING',NULL,NULL,10),
 (332,20,NULL,204,'Funding level',NULL,'Please enter the funding level that you would like to apply for in this application',10),
 (333,21,NULL,204,'Organisation Size',NULL,'To determine the level of funding you are eligible to receive please provide your business sizing using the <a href=\"http://ec.europa.eu/growth/smes/business-friendly-environment/sme-definition/index_en.htm\" target=\"_blank\" rel=\"external\">EU Definition</a> for guidance.',10),
 (334,22,NULL,205,NULL,NULL,'<h2 class=\"heading-medium\">Funding rules for this competition</h2><p>We will fund projects between &pound,500,000 and &pound,1.5 million. We may consider projects with costs outside of this range. We expect projects to last between 12 and 36 months.</p><p>Innovate UK\'s aim is to optimise the level of funding businesses receive. We also recognise the importance of research organisations\' contribution to R&amp,D projects. Therefore we require the following levels of participation:</p><ul class=\"list-bullet\"> <li>at least 70% of the total eligible project costs are incurred by commercial organisations and</li> <li>a maximum of 30% of total eligible project costs are available to research participants. Where there is more than one research participant, this maximum will be shared between them.</li></ul>',10),
 (335,23,NULL,204,'Upload a pdf copy of the Je-S output confirming a status of \'With Council\'',NULL,NULL,10),

-- Sector questions
 (336,1,'1',214,'What is the business opportunity that your project addresses?','Business opportunity',NULL,10),
 (337,2,'2',214,'What is the size of the potential market for your project?','Potential market',NULL,10),
 (338,3,'3',214,'How will you exploit and market your project?','Project exploitation',NULL,10),
 (339,4,'4',214,'What economic, social and environmental benefits do you expect your project to deliver and when?','Economic benefit',NULL,10),
 (340,5,'5',214,'What technical approach will you use and how will you manage your project?','Technical approach','Describe the areas of work and your objectives. List all resource and management needs. Provide an overview of your technical approach.',10),
 (341,6,'6',214,'What is innovative about your project?','Innovation','Explain how your project is innovative in both a commercial and technical sense.',10),
 (342,7,'7',214,'What are the risks (technical, commercial and environmental) to your project\'s success? What is your risk management strategy?','Risks','We recognise that many of the projects we fund are risky. This is why we need to be sure that you have an adequate plan for managing this risk.',10),
 (343,8,'8',214,'Does your project team have the skills, experience and facilities to deliver this project?','Project team','Describe your capability to develop and exploit this technology. Include details of your team\'s track record in managing research and development projects.',10),
 (344,1,NULL,213,'Application details','Application details','Enter the full title of the project',10),
 (345,2,NULL,213,'Project summary','Project summary\n','Please provide a short summary of your project. Make sure you include what is innovative about it.',10),
 (346,3,NULL,213,'Public description','Public description\n','Please provide a brief description of your project. If your application is successful, we will publish this description. This question is mandatory but we will not assess this content as part of your application.',10),
 (347,4,NULL,213,'How does your project align with the scope of this competition?','Scope','If your application doesn\'t align with the scope, we will reject it.',10),
 (348,5,'9',214,'What will your project cost?','Funding','Tell us the total costs of the project and how much funding you need from Innovate UK. Please provide details of your expected project costs along with any supporting information. Please justify any large expenditure in your project.',10),
 (349,6,'10',214,'How does financial support from Innovate UK and its funding partners add value?','Adding value',' ',10),
 (350,7,NULL,216,'Provide the project costs for \'{organisationName}\'',NULL,'Only your organisation can see this level of detail. All members of your organisation can access and edit your finances. We recommend assigning completion of your finances to one member of your team. <a href=\"https://www.gov.uk/government/publications/innovate-uk-completing-your-application-project-costs-guidance\" rel=\"external\">Find out which project costs are eligible.</a> ',10),
 (351,8,NULL,218,NULL,NULL,'<p>You may claim the labour costs of all individuals you have working on your project.</p> <p> If your application is awarded funding, you will need to account for all your labour costs as they occur. For example, you should keep timesheets and payroll records. These should show the actual hours worked by individuals and paid by the organisation.</p>',10),
 (352,9,NULL,219,NULL,NULL,NULL,10),
 (353,10,NULL,220,NULL,NULL,'<p>You can claim the costs of materials used on your project providing:</p><ul class=\"list-bullet\"><li>they are not already purchased or included in the administration support costs</li><li>they are purchased from third parties</li><li>they won’t have a residual/resale value at the end of your project. If they do you can claim the costs minus this value</li></ul><p><a href=\"https://www.gov.uk/government/publications/innovate-uk-completing-your-application-project-costs-guidance\" rel=\"external\">Please refer to our guide to project costs for further information.</a></p>',10),
 (354,10,NULL,221,NULL,NULL,'<p>You should provide details of capital equipment and tools you will buy for, or use on, your project.</p>',10),
 (355,10,NULL,222,NULL,NULL,'<p>You may subcontract work if you don’t have the expertise in your consortium. You can also subcontract if it is cheaper than developing your skills in-house.</p>',10),
 (356,10,NULL,223,NULL,NULL,'<p>You should include travel and subsistence costs that relate only to this project. </p>',10),
 (357,10,NULL,224,NULL,NULL,'<p>Please tell us if you have applied for or received any other public sector funding for this project. Any other funding received will need to be deducted from the total value of any funding you are claiming for this project.</p>',10),
 (358,11,NULL,218,'Labour',NULL,NULL,10),
 (359,12,NULL,219,'Overheads',NULL,'<p>You may incur indirect support staff costs linked with your administrative work for the project. To be eligible, these costs should be directly attributable and incremental to the project. Indirect costs associated with commercial activities are not eligible and must not be included. For further information on which costs are eligible please read our <a href=\"https://www.gov.uk/government/publications/innovate-uk-completing-your-application-project-costs-guidance\">project costs guidance</a>.</p>',10),
 (360,13,NULL,220,'Materials',NULL,'Please provide a breakdown of the materials you expect to use during the project',10),
 (361,14,NULL,221,'Capital Usage',NULL,'Please provide a breakdown of the capital items you will buy and/or use for the project.',10),
 (362,15,NULL,222,'Sub-contracting costs',NULL,'Please provide details of any work that you expect to subcontract for your project.',10),
 (363,16,NULL,223,'Travel and subsistence',NULL,NULL,10),
 (364,17,NULL,224,'Other costs',NULL,'Please note that legal or project audit and accountancy fees are not eligible and should not be included as an \'other cost’. Patent filing costs of NEW IP relating to the project are limited to £7,500 for SME applicants only.  Please provide estimates of other costs that do not fit within any other cost headings.',10),
 (365,18,NULL,216,'Other funding',NULL,'Please tell us if you have ever applied for or received any other public sector funding for this project. You should also include details of any offers of funding you\'ve received.',10),
 (366,19,NULL,217,'FINANCE_SUMMARY_INDICATOR_STRING',NULL,NULL,10),
 (367,20,NULL,216,'Funding level',NULL,'Please enter the funding level that you would like to apply for in this application',10),
 (368,21,NULL,216,'Organisation Size',NULL,'To determine the level of funding you are eligible to receive please provide your business sizing using the <a href=\"http://ec.europa.eu/growth/smes/business-friendly-environment/sme-definition/index_en.htm\" target=\"_blank\" rel=\"external\">EU Definition</a> for guidance.',10),
 (369,22,NULL,217,NULL,NULL,'<h2 class=\"heading-medium\">Funding rules for this competition</h2><p>We will fund projects between &pound;500,000 and &pound;1.5 million. We may consider projects with costs outside of this range. We expect projects to last between 12 and 36 months.</p><p>Innovate UK\'s aim is to optimise the level of funding businesses receive. We also recognise the importance of research organisations\' contribution to R&amp,D projects. Therefore we require the following levels of participation:</p><ul class=\"list-bullet\"> <li>at least 70% of the total eligible project costs are incurred by commercial organisations and</li> <li>a maximum of 30% of total eligible project costs are available to research participants. Where there is more than one research participant, this maximum will be shared between them.</li></ul>',10),
 (370,23,NULL,216,'Upload a pdf copy of the Je-S output confirming a status of \'With Council\'',NULL,NULL,10);

-- Programme form inputs
INSERT INTO `form_input` (`id`,`question_id`,`priority`,`form_input_type_id`,`guidance_question`,`guidance_answer`,`description`,`included_in_application_summary`,`scope`) VALUES
 (401,301,0,2,'What should I include in the business opportunity section?','<p>You should describe:</p><ul class=\"list-bullet\">         <li>the business opportunity you have identified and how you plan to take advantage of it</li><li>the customer needs you have identified and how your project will meet them</li><li>the challenges you expect to face and how you will overcome them</li></ul>','1. What is the business opportunity that your project addresses?',1,'APPLICATION'),
 (402,302,0,2,'What should I include in the market opportunity section?','<p>Describe the size of the potential market for your project, including:</p><ul class=\"list-bullet\">         <li>details of your target market, for instance, how competitive and profitable it is</li><li>the current size of the market, with actual and predicted growth rates</li><li>the market share you expect to achieve and the reasons for this estimate</li><li>the wider economic value you expect your project to add to the UK and/or the EEA (European Economic Area)</li></ul><p>Tell us what return on investment you expect your project to achieve. You should base this estimate on relevant industry data and tell us how you have calculated this.</p><p>If you are targeting an undeveloped market, you should also:</p><ul class=\"list-bullet\">         <li>describe how you plan to access this market</li><li>estimate its potential size</li><li>explain how you will explore its potential</li></ul>','2. What is the size of the potential market for your project?',1,'APPLICATION'),
 (403,303,0,2,'What should I include in the project exploitation section?','<p>Describe the potential outputs of the project, such as:</p><ul class=\"list-bullet\">         <li>products or services</li><li>processes</li><li>applications</li></ul><p>Describe how you will exploit these outputs, such as:</p><ul class=\"list-bullet\">         <li>the route to market</li><li>protection of intellectual property rights</li><li>reconfiguration of your organisation\'s value system</li><li>changes to business models and processes</li><li>any other methods of exploitation and protection</li></ul> ','3. How will you exploit and market your project?',1,'APPLICATION'),
 (404,304,0,2,'What should I include in the benefits section?','<p>Describe all the benefits you expect your project to deliver, including:</p><p><strong>Economic</strong> : this is the real impact the project will have on its economic environment. This is not traditional corporate accounting profit and can include cost avoidance. You should identify and quantify any expected benefits to:</p><ul class=\"list-bullet\"><li>users (intermediaries and end users)</li><li>suppliers</li><li>broader industrial markets</li><li>the UK economy</li></ul><p><strong>Social</strong> : quantify any expected social impacts either positive or negative on, for example:</p><ul class=\"list-bullet\"><li>quality of life</li><li>social inclusion/exclusion</li><li>education</li><li>public empowerment</li><li>health and safety</li><li>regulation</li><li>diversity</li><li>government priorities</li></ul><p><strong>Environmental</strong> : show how your project will benefit or have a low impact on the environment. For example, this could include:<p><ul class=\"list-bullet\"><li>careful management of energy consumption</li><li>reductions in carbon emissions</li><li>reducing manufacturing and materials waste</li><li>rendering waste less toxic before disposing of it in a safe and legal manner</li><li>re-manufacturing (cradle to cradle)</li></ul>','4. What economic, social and environmental benefits do you expect your project to deliver and when?',1,'APPLICATION'),
 (405,305,0,2,'What should I include in the technical approach section?','<p>You should:</p><ul class=\"list-bullet\">         <li>describe your technical approach including the main objectives of the work</li><li>explain how and why your approach is appropriate</li><li>tell us how you will make sure that the innovative steps in your project are achievable</li><li>describe rival technologies and alternative R&D strategies</li><li>explain why your proposed approach will offer a better outcome</li></ul>','5. What technical approach will you use and how will you manage your project?',1,'APPLICATION'),
 (406,306,0,2,'What should I include in the project innovation section?','<p>You should show how your project will:</p><ul class=\"list-bullet\">         <li>push boundaries beyond current leading-edge science and technology</li><li>apply existing technologies in new areas</li></ul><p>Explain the novelty of the research in an industrial and/or academic context.</p><p>You should provide evidence that your proposed work is innovative. This could include patent search results, competitor analyses or literature surveys. If relevant, you should also outline your own intellectual property rights.</p>','6. What is innovative about your project?',1,'APPLICATION'),
 (407,307,0,2,'What should I include in the project risks section?','<p>Please describe your plans for limiting and managing risk. You need to:</p><ul class=\"list-bullet\">         <li>identify the project\'s main risks and uncertainties</li><li>detail specific technical, commercial, managerial and environmental risks</li><li>list any other uncertainties such as ethical issues associated with the project</li><li>provide a detailed risk analysis</li><li>rate the main risks as high, medium or low</li><li>show how you\'ll limit the main risks</li><li>identify the project management resources you\'ll use to minimise operational risk</li><li>include arrangements for managing the project team and its partners</li></ul>','7. What are the risks (technical, commercial and environmental) to your project\'s success? What is your risk management strategy?',1,'APPLICATION'),
 (408,308,0,2,'What should I include in the project skills section?','<p>You should show your project team:</p><ul class=\"list-bullet\"><li>has the right mix of skills and experience to complete the project</li><li>has clear objectives</li><li>would have been formed even without Innovate UK investment</li></ul><p>If you are part of a consortium, describe the benefits of the collaboration, for example, increased knowledge transfer.</p>','8. Does your project team have the skills, experience and facilities to deliver this project?',1,'APPLICATION'),
 (409,309,0,5,NULL,NULL,'Application details',1,'APPLICATION'),
 (410,310,0,2,'What should I include in the project summary?','<p>We will not score this summary, but it will give the assessors a useful introduction to your project. It should provide a clear overview of the whole project, including:</p> <ul class=\"list-bullet\">         <li>your vision for the project</li><li>key objectives</li><li>main areas of focus</li><li>details of how it is innovative</li></ul>','Project summary',1,'APPLICATION'),
 (411,311,0,2,'What should I include in the project public description?','<p>Innovate UK publishes information about projects we have funded. This is in line with government practice on openness and transparency of public-funded activities.</p><p>Describe your project in a way that will be easy for a non-specialist to understand. Don\'t include any information that is confidential, for example, intellectual property or patent details.</p> ','Public description',1,'APPLICATION'),
 (412,312,0,2,'What should I include in the project scope?','<p>It is important that you read the following guidance.</p><p>To show how your project aligns with the scope of this competition, you need to:</p><ul class=\"list-bullet\">         <li>read the competition brief in full</li><li>understand the background, challenge and scope of the competition</li><li>address the research objectives in your application</li><li>match your project\'s objectives and activities to these</li></ul> <p>Once you have submitted your application, you should not change this section unless:</p><ul class=\"list-bullet\">         <li>we ask you to provide more information</li><li>we ask you to make it clearer</li></ul> ','How does your project align with the scope of this competition?',1,'APPLICATION'),
 (413,305,0,4,'What should I include in the appendix?','<p>You may include an appendix of additional information to support the technical approach the project will undertake.</p><p>You may include, for example, a Gantt chart or project management structure.</p><p>The appendix should:</p><ul class=\"list-bullet\"><li>be in a portable document format (.pdf)</li><li>be readable with 100% magnification</li><li>contain your application number and project title at the top</li><li>not be any longer than 6 sides of A4. Longer appendices will only have the first 6 pages assessed</li><li>be less than 1mb in size</li></ul>','Appendix',1,'APPLICATION'),
 (414,313,0,2,'What should I include in the project cost section?','<p>You must:</p><ul class=\"list-bullet\"><li>show how your budget is realistic for the scale and complexity of the project</li><li>make sure the funding you need from Innovate UK is within the limit set by this competition</li><li>justify any significant costs in the project, such as subcontractors</li><li>show how much funding there will be from other sources</li><li>provide a realistic budget breakdown</li><li>describe and justify individual work packages</li></ul><p>Find out which <a href=\"https://www.gov.uk/government/publications/innovate-uk-completing-your-application-project-costs-guidance\">project costs are eligible.</a></p><p>If your project spans more than one type of research category, you must break down the costs as separate \'work packages\'. For example, industrial research or experimental development. </p><p>You can find more information in the  <a href=\"https://www.gov.uk/guidance/innovate-uk-funding-general-guidance-for-applicants#funding-rules\">funding rules section</a> of this website.</p>','9. What will your project cost?',1,'APPLICATION'),
 (415,314,0,2,'What should I include in the financial support from Innovate UK section?','Justify why you\'re unable to fund the project yourself from commercial resources. Explain the difference this funding will make to your project. For example, will it lower the risk for you or speed up the process of getting your product to market? Tell us why this will benefit the UK.','10. How does financial support from Innovate UK and its funding partners add value?',1,'APPLICATION'),
 (416,306,0,4,'What should I include in the appendix?','<p>You may include an appendix of additional information to support your response to this question. This appendix may include graphics describing the innovation or the nature of the problem. You may want to include evidence of freedom to operate, patent searches or competitor analysis as supporting information.</p><p>The appendix should:</p><ul class=\"list-bullet\"><li>be in a portable document format (.pdf)</li><li>be readable with 100% magnification</li><li>contain your application number and project title at the top</li><li>not be any longer than 5 sides of A4. Longer appendices will only have the first 5 pages assessed</li><li>be less than 1mb in size</li></ul>','Appendix',1,'APPLICATION'),
 (417,308,0,4,'What should I include in the appendix?','<p>You may include an appendix of additional information to provide details of the specific expertise and track record of each project partner and each subcontractor. Academic collaborators may refer to their research standing.</p><p>The appendix should:</p><ul class=\"list-bullet\"><li>be in a portable document format (.pdf)</li><li>be readable with 100% magnification</li><li>contain your application number and project title at the top</li><li>include up to half an A4 page per partner describing the skills and experience of the main people who will be working on the project</li><li>be less than 1mb in size</li></ul>','Appendix',1,'APPLICATION'),
 (418,315,0,15,'','',NULL,1,'APPLICATION'),
 (419,316,0,6,'Labour costs guidance','<p>You can include the following labour costs, based upon your PAYE records:</p><ul class=\"list-bullet\"><li>gross salary</li><li>National Insurance</li><li>company pension contribution</li><li>life insurance</li><li>other non-discretionary package costs.</li></ul><p>You can\'t include:</p><ul class=\"list-bullet\"><li>discretionary bonuses</li><li>performance related payments of any kind</li></ul><p>You may include the total number of working days for staff but do not include:</p><ul class=\"list-bullet\"><li>sick days</li><li>waiting time</li><li>training days</li><li>non-productive time</li></ul><p>Enter the total number of working days in the year. List the total days worked by all categories of staff on your project. Describe their role.</p><p>We will review the total amount of time and cost of labour before we approve your application. The terms and conditions of the grant include compliance with these points.</p>',NULL,1,'APPLICATION'),
 (420,317,0,6,NULL,NULL,NULL,1,'APPLICATION'),
 (421,318,0,6,'Materials costs guidance','<p>Materials supplied by associated companies or project partners should be charged at cost.</p><p>Software that you have purchased specifically for use during your project may be included. If you already own the software then only additional costs which are incurred and paid during your project, will be eligible. For example, installation, training or customisation.</p><p>Material costs must be itemised to justify that they are eligible.</p>',NULL,1,'APPLICATION'),
 (422,319,0,6,'Capital usage guidance','<p>You will need to calculate a ‘usage’ value for each item. You can do this by deducting its expected value from its original price at the end of your project. If you owned the equipment before the project started then you should use its Net Present Value.</p><p>This value is then multiplied by the amount, in percentages, that is used during the project. This final value represents the eligible cost to your project.</p>',NULL,1,'APPLICATION'),
 (423,320,0,6,'Subcontracting costs guidance','<p>Subcontracting costs relate to work carried out by third party organisations. These organisations are not part of your project or collaboration.</p><p>Subcontracting is eligible providing it’s justified as to why the work cannot be performed by a project partner.</p><p>Where possible you should select a UK based contractor. You should name the subcontractor (where known) and describe what they will be doing. You should also state where the work will be undertaken. We will look at the size of this contribution when assessing your eligibility and level of support.</p>',NULL,1,'APPLICATION'),
 (424,321,0,6,NULL,NULL,NULL,1,'APPLICATION'),
 (425,322,0,6,'Other costs guidance','<p>Examples of other costs include:</p><p><strong>Training costs:</strong> these costs are eligible for support if they relate to your project. We may support management training for your project but will not support ongoing training.</p><p><strong>Preparation of technical reports:</strong> if, for example, the main aim of your project is standard support or technology transfer. You should show how this is more than you would produce through good project management.</p><p><strong>Market assessment:</strong> we may support market assessments studies. The study will need to help us understand how your project is a good match for your target market. It could also be eligible if it helps commercialise your product.</p><p><strong>Licensing in new technologies:</strong> if new technology makes up a large part of your project, we will expect you to develop that technology. For instance, if the value of the technology is more than &pound;100,000.</p><p><strong>Patent filing costs for NEW IP generated by your project:</strong> these are eligible for SMEs up to a limit of &pound;7,500 per partner. You should not include legal costs relating to the filing or trademark related expenditure.</p><p>Regulatory compliance costs are eligible if necessary to carry out your project.</p>',NULL,1,'APPLICATION'),
 (426,323,0,8,NULL,NULL,'Labour',1,'APPLICATION'),
 (427,324,0,9,NULL,NULL,'Overheads',1,'APPLICATION'),
 (428,325,0,10,NULL,NULL,'Materials',1,'APPLICATION'),
 (429,326,0,11,NULL,NULL,'Capital Usage',1,'APPLICATION'),
 (430,327,0,12,NULL,NULL,'Sub-contracting costs',1,'APPLICATION'),
 (431,328,0,13,NULL,NULL,'Travel and subsistence',1,'APPLICATION'),
 (432,329,0,14,NULL,NULL,'Other costs',1,'APPLICATION'),
 (433,330,0,17,'What should I include in the other public funding section?','<p>You must provide details of other public funding that you are currently applying for (or have already applied for) in relation to this project. You do not need to include completed grants that were used to reach this point in the development process. This information is important as other public sector support counts as part of the funding you can receive for your project.</p>','Other funding',1,'APPLICATION'),
 (434,331,0,16,NULL,NULL,NULL,1,'APPLICATION'),
 (435,332,0,7,'What funding level should I enter?','<p>For a business or academic organisation, you can apply for any funding percentage between 0% and the maximum allowable for your organisation size. For other organisation types, you can apply for any funding percentage between 0% and 100%. The amount you apply for must reflect other funding you may have received. It must also be within participation levels which you can review on the Finances Overview page.</p>','Please enter the grant % you wish to claim for this project',1,'APPLICATION'),
 (436,333,0,19,NULL,NULL,'Organisation Size',1,'APPLICATION'),
 (437,334,0,6,NULL,NULL,NULL,1,'APPLICATION'),
 (438,335,0,20,'How do I create my Je-S output?','<p>You should include only supporting information in the appendix. You shouldn’t use it to provide your responses to the question.</p><p>Guidance for this section needs to be created</p>','Upload a pdf copy of the Je-S output form once you have a status of \'With Council\'.',1,'APPLICATION'),

-- Sector form inputs
 (439,336,0,2,'What should I include in the business opportunity section?','<p>You should describe:</p><ul class=\"list-bullet\">         <li>the business opportunity you have identified and how you plan to take advantage of it</li><li>the customer needs you have identified and how your project will meet them</li><li>the challenges you expect to face and how you will overcome them</li></ul>','1. What is the business opportunity that your project addresses?',1,'APPLICATION'),
 (440,337,0,2,'What should I include in the market opportunity section?','<p>Describe the size of the potential market for your project, including:</p><ul class=\"list-bullet\">         <li>details of your target market, for instance, how competitive and profitable it is</li><li>the current size of the market, with actual and predicted growth rates</li><li>the market share you expect to achieve and the reasons for this estimate</li><li>the wider economic value you expect your project to add to the UK and/or the EEA (European Economic Area)</li></ul><p>Tell us what return on investment you expect your project to achieve. You should base this estimate on relevant industry data and tell us how you have calculated this.</p><p>If you are targeting an undeveloped market, you should also:</p><ul class=\"list-bullet\">         <li>describe how you plan to access this market</li><li>estimate its potential size</li><li>explain how you will explore its potential</li></ul>','2. What is the size of the potential market for your project?',1,'APPLICATION'),
 (441,338,0,2,'What should I include in the project exploitation section?','<p>Describe the potential outputs of the project, such as:</p><ul class=\"list-bullet\">         <li>products or services</li><li>processes</li><li>applications</li></ul><p>Describe how you will exploit these outputs, such as:</p><ul class=\"list-bullet\">         <li>the route to market</li><li>protection of intellectual property rights</li><li>reconfiguration of your organisation\'s value system</li><li>changes to business models and processes</li><li>any other methods of exploitation and protection</li></ul> ','3. How will you exploit and market your project?',1,'APPLICATION'),
 (442,339,0,2,'What should I include in the benefits section?','<p>Describe all the benefits you expect your project to deliver, including:</p><p><strong>Economic</strong> : this is the real impact the project will have on its economic environment. This is not traditional corporate accounting profit and can include cost avoidance. You should identify and quantify any expected benefits to:</p><ul class=\"list-bullet\"><li>users (intermediaries and end users)</li><li>suppliers</li><li>broader industrial markets</li><li>the UK economy</li></ul><p><strong>Social</strong> : quantify any expected social impacts either positive or negative on, for example:</p><ul class=\"list-bullet\"><li>quality of life</li><li>social inclusion/exclusion</li><li>education</li><li>public empowerment</li><li>health and safety</li><li>regulation</li><li>diversity</li><li>government priorities</li></ul><p><strong>Environmental</strong> : show how your project will benefit or have a low impact on the environment. For example, this could include:<p><ul class=\"list-bullet\"><li>careful management of energy consumption</li><li>reductions in carbon emissions</li><li>reducing manufacturing and materials waste</li><li>rendering waste less toxic before disposing of it in a safe and legal manner</li><li>re-manufacturing (cradle to cradle)</li></ul>','4. What economic, social and environmental benefits do you expect your project to deliver and when?',1,'APPLICATION'),
 (443,340,0,2,'What should I include in the technical approach section?','<p>You should:</p><ul class=\"list-bullet\">         <li>describe your technical approach including the main objectives of the work</li><li>explain how and why your approach is appropriate</li><li>tell us how you will make sure that the innovative steps in your project are achievable</li><li>describe rival technologies and alternative R&D strategies</li><li>explain why your proposed approach will offer a better outcome</li></ul>','5. What technical approach will you use and how will you manage your project?',1,'APPLICATION'),
 (444,341,0,2,'What should I include in the project innovation section?','<p>You should show how your project will:</p><ul class=\"list-bullet\">         <li>push boundaries beyond current leading-edge science and technology</li><li>apply existing technologies in new areas</li></ul><p>Explain the novelty of the research in an industrial and/or academic context.</p><p>You should provide evidence that your proposed work is innovative. This could include patent search results, competitor analyses or literature surveys. If relevant, you should also outline your own intellectual property rights.</p>','6. What is innovative about your project?',1,'APPLICATION'),
 (445,342,0,2,'What should I include in the project risks section?','<p>Please describe your plans for limiting and managing risk. You need to:</p><ul class=\"list-bullet\">         <li>identify the project\'s main risks and uncertainties</li><li>detail specific technical, commercial, managerial and environmental risks</li><li>list any other uncertainties such as ethical issues associated with the project</li><li>provide a detailed risk analysis</li><li>rate the main risks as high, medium or low</li><li>show how you\'ll limit the main risks</li><li>identify the project management resources you\'ll use to minimise operational risk</li><li>include arrangements for managing the project team and its partners</li></ul>','7. What are the risks (technical, commercial and environmental) to your project\'s success? What is your risk management strategy?',1,'APPLICATION'),
 (446,343,0,2,'What should I include in the project skills section?','<p>You should show your project team:</p><ul class=\"list-bullet\"><li>has the right mix of skills and experience to complete the project</li><li>has clear objectives</li><li>would have been formed even without Innovate UK investment</li></ul><p>If you are part of a consortium, describe the benefits of the collaboration, for example, increased knowledge transfer.</p>','8. Does your project team have the skills, experience and facilities to deliver this project?',1,'APPLICATION'),
 (447,344,0,5,NULL,NULL,'Application details',1,'APPLICATION'),
 (448,345,0,2,'What should I include in the project summary?','<p>We will not score this summary, but it will give the assessors a useful introduction to your project. It should provide a clear overview of the whole project, including:</p> <ul class=\"list-bullet\">         <li>your vision for the project</li><li>key objectives</li><li>main areas of focus</li><li>details of how it is innovative</li></ul>','Project summary',1,'APPLICATION'),
 (449,346,0,2,'What should I include in the project public description?','<p>Innovate UK publishes information about projects we have funded. This is in line with government practice on openness and transparency of public-funded activities.</p><p>Describe your project in a way that will be easy for a non-specialist to understand. Don\'t include any information that is confidential, for example, intellectual property or patent details.</p> ','Public description',1,'APPLICATION'),
 (450,347,0,2,'What should I include in the project scope?','<p>It is important that you read the following guidance.</p><p>To show how your project aligns with the scope of this competition, you need to:</p><ul class=\"list-bullet\">         <li>read the competition brief in full</li><li>understand the background, challenge and scope of the competition</li><li>address the research objectives in your application</li><li>match your project\'s objectives and activities to these</li></ul> <p>Once you have submitted your application, you should not change this section unless:</p><ul class=\"list-bullet\">         <li>we ask you to provide more information</li><li>we ask you to make it clearer</li></ul> ','How does your project align with the scope of this competition?',1,'APPLICATION'),
 (451,340,0,4,'What should I include in the appendix?','<p>You may include an appendix of additional information to support the technical approach the project will undertake.</p><p>You may include, for example, a Gantt chart or project management structure.</p><p>The appendix should:</p><ul class=\"list-bullet\"><li>be in a portable document format (.pdf)</li><li>be readable with 100% magnification</li><li>contain your application number and project title at the top</li><li>not be any longer than 6 sides of A4. Longer appendices will only have the first 6 pages assessed</li><li>be less than 1mb in size</li></ul>','Appendix',1,'APPLICATION'),
 (452,348,0,2,'What should I include in the project cost section?','<p>You must:</p><ul class=\"list-bullet\"><li>show how your budget is realistic for the scale and complexity of the project</li><li>make sure the funding you need from Innovate UK is within the limit set by this competition</li><li>justify any significant costs in the project, such as subcontractors</li><li>show how much funding there will be from other sources</li><li>provide a realistic budget breakdown</li><li>describe and justify individual work packages</li></ul><p>Find out which <a href=\"https://www.gov.uk/government/publications/innovate-uk-completing-your-application-project-costs-guidance\">project costs are eligible.</a></p><p>If your project spans more than one type of research category, you must break down the costs as separate \'work packages\'. For example, industrial research or experimental development. </p><p>You can find more information in the  <a href=\"https://www.gov.uk/guidance/innovate-uk-funding-general-guidance-for-applicants#funding-rules\">funding rules section</a> of this website.</p>','9. What will your project cost?',1,'APPLICATION'),
 (453,349,0,2,'What should I include in the financial support from Innovate UK section?','Justify why you\'re unable to fund the project yourself from commercial resources. Explain the difference this funding will make to your project. For example, will it lower the risk for you or speed up the process of getting your product to market? Tell us why this will benefit the UK.','10. How does financial support from Innovate UK and its funding partners add value?',1,'APPLICATION'),
 (454,341,0,4,'What should I include in the appendix?','<p>You may include an appendix of additional information to support your response to this question. This appendix may include graphics describing the innovation or the nature of the problem. You may want to include evidence of freedom to operate, patent searches or competitor analysis as supporting information.</p><p>The appendix should:</p><ul class=\"list-bullet\"><li>be in a portable document format (.pdf)</li><li>be readable with 100% magnification</li><li>contain your application number and project title at the top</li><li>not be any longer than 5 sides of A4. Longer appendices will only have the first 5 pages assessed</li><li>be less than 1mb in size</li></ul>','Appendix',1,'APPLICATION'),
 (455,343,0,4,'What should I include in the appendix?','<p>You may include an appendix of additional information to provide details of the specific expertise and track record of each project partner and each subcontractor. Academic collaborators may refer to their research standing.</p><p>The appendix should:</p><ul class=\"list-bullet\"><li>be in a portable document format (.pdf)</li><li>be readable with 100% magnification</li><li>contain your application number and project title at the top</li><li>include up to half an A4 page per partner describing the skills and experience of the main people who will be working on the project</li><li>be less than 1mb in size</li></ul>','Appendix',1,'APPLICATION'),
 (456,350,0,15,'','',NULL,1,'APPLICATION'),
 (457,351,0,6,'Labour costs guidance','<p>You can include the following labour costs, based upon your PAYE records:</p><ul class=\"list-bullet\"><li>gross salary</li><li>National Insurance</li><li>company pension contribution</li><li>life insurance</li><li>other non-discretionary package costs.</li></ul><p>You can\'t include:</p><ul class=\"list-bullet\"><li>discretionary bonuses</li><li>performance related payments of any kind</li></ul><p>You may include the total number of working days for staff but do not include:</p><ul class=\"list-bullet\"><li>sick days</li><li>waiting time</li><li>training days</li><li>non-productive time</li></ul><p>Enter the total number of working days in the year. List the total days worked by all categories of staff on your project. Describe their role.</p><p>We will review the total amount of time and cost of labour before we approve your application. The terms and conditions of the grant include compliance with these points.</p>',NULL,1,'APPLICATION'),
 (458,352,0,6,NULL,NULL,NULL,1,'APPLICATION'),
 (459,353,0,6,'Materials costs guidance','<p>Materials supplied by associated companies or project partners should be charged at cost.</p><p>Software that you have purchased specifically for use during your project may be included. If you already own the software then only additional costs which are incurred and paid during your project, will be eligible. For example, installation, training or customisation.</p><p>Material costs must be itemised to justify that they are eligible.</p>',NULL,1,'APPLICATION'),
 (460,354,0,6,'Capital usage guidance','<p>You will need to calculate a ‘usage’ value for each item. You can do this by deducting its expected value from its original price at the end of your project. If you owned the equipment before the project started then you should use its Net Present Value.</p><p>This value is then multiplied by the amount, in percentages, that is used during the project. This final value represents the eligible cost to your project.</p>',NULL,1,'APPLICATION'),
 (461,355,0,6,'Subcontracting costs guidance','<p>Subcontracting costs relate to work carried out by third party organisations. These organisations are not part of your project or collaboration.</p><p>Subcontracting is eligible providing it’s justified as to why the work cannot be performed by a project partner.</p><p>Where possible you should select a UK based contractor. You should name the subcontractor (where known) and describe what they will be doing. You should also state where the work will be undertaken. We will look at the size of this contribution when assessing your eligibility and level of support.</p>',NULL,1,'APPLICATION'),
 (462,356,0,6,NULL,NULL,NULL,1,'APPLICATION'),
 (463,357,0,6,'Other costs guidance','<p>Examples of other costs include:</p><p><strong>Training costs:</strong> these costs are eligible for support if they relate to your project. We may support management training for your project but will not support ongoing training.</p><p><strong>Preparation of technical reports:</strong> if, for example, the main aim of your project is standard support or technology transfer. You should show how this is more than you would produce through good project management.</p><p><strong>Market assessment:</strong> we may support market assessments studies. The study will need to help us understand how your project is a good match for your target market. It could also be eligible if it helps commercialise your product.</p><p><strong>Licensing in new technologies:</strong> if new technology makes up a large part of your project, we will expect you to develop that technology. For instance, if the value of the technology is more than &pound,100,000.</p><p><strong>Patent filing costs for NEW IP generated by your project:</strong> these are eligible for SMEs up to a limit of &pound,7,500 per partner. You should not include legal costs relating to the filing or trademark related expenditure.</p><p>Regulatory compliance costs are eligible if necessary to carry out your project.</p>',NULL,1,'APPLICATION'),
 (464,358,0,8,NULL,NULL,'Labour',1,'APPLICATION'),
 (465,359,0,9,NULL,NULL,'Overheads',1,'APPLICATION'),
 (466,360,0,10,NULL,NULL,'Materials',1,'APPLICATION'),
 (467,361,0,11,NULL,NULL,'Capital Usage',1,'APPLICATION'),
 (468,362,0,12,NULL,NULL,'Sub-contracting costs',1,'APPLICATION'),
 (469,363,0,13,NULL,NULL,'Travel and subsistence',1,'APPLICATION'),
 (470,364,0,14,NULL,NULL,'Other costs',1,'APPLICATION'),
 (471,365,0,17,'What should I include in the other public funding section?','<p>You must provide details of other public funding that you are currently applying for (or have already applied for) in relation to this project. You do not need to include completed grants that were used to reach this point in the development process. This information is important as other public sector support counts as part of the funding you can receive for your project.</p>','Other funding',1,'APPLICATION'),
 (472,366,0,16,NULL,NULL,NULL,1,'APPLICATION'),
 (473,367,0,7,'What funding level should I enter?','<p>For a business or academic organisation, you can apply for any funding percentage between 0% and the maximum allowable for your organisation size. For other organisation types, you can apply for any funding percentage between 0% and 100%. The amount you apply for must reflect other funding you may have received. It must also be within participation levels which you can review on the Finances Overview page.</p>','Please enter the grant % you wish to claim for this project',1,'APPLICATION'),
 (474,368,0,19,NULL,NULL,'Organisation Size',1,'APPLICATION'),
 (475,369,0,6,NULL,NULL,NULL,1,'APPLICATION'),
 (476,370,0,20,'How do I create my Je-S output?','<p>You should include only supporting information in the appendix. You shouldn’t use it to provide your responses to the question.</p><p>Guidance for this section needs to be created</p>','Upload a pdf copy of the Je-S output form once you have a status of \'With Council\'.',1,'APPLICATION');

INSERT INTO `form_input_validator` (`form_input_id`, `form_validator_id`) VALUES
 (439, 2),
 (439, 3),
 (440, 2),
 (440, 3),
 (441, 2),
 (441, 3),
 (442, 2),
 (442, 3),
 (443, 2),
 (443, 3),
 (444, 2),
 (444, 3),
 (445, 2),
 (445, 3),
 (446, 2),
 (446, 3),
 (448, 2),
 (448, 3),
 (449, 2),
 (449, 3),
 (450, 2),
 (450, 3),
 (452, 2),
 (452, 3),
 (453, 2),
 (453, 3);