

INSERT INTO `address` (`id`, `address_line1`, `address_line2`, `address_line3`, `town`, `postcode`, `county`) VALUES (21,'1','Rock Street',NULL,'Bath','BA1 5LR','Avon');
INSERT INTO `address` (`id`, `address_line1`, `address_line2`, `address_line3`, `town`, `postcode`, `county`) VALUES (22,'1','Metal Street',NULL,'Bath','BA1 5LR','Avon');
INSERT INTO `address` (`id`, `address_line1`, `address_line2`, `address_line3`, `town`, `postcode`, `county`) VALUES (23,'1','Riff Street',NULL,'Bath','BA1 5LR','Avon');
INSERT INTO `address` (`id`, `address_line1`, `address_line2`, `address_line3`, `town`, `postcode`, `county`) VALUES (24,'1','Groove Street',NULL,'Bath','BA1 5LR','Avon');
INSERT INTO `address` (`id`, `address_line1`, `address_line2`, `address_line3`, `town`, `postcode`, `county`) VALUES (25,'1','Shred Street',NULL,'Bath','BA1 5LR','Avon');
INSERT INTO `address` (`id`, `address_line1`, `address_line2`, `address_line3`, `town`, `postcode`, `county`) VALUES (26,'Penglais Campus','','','Aberystwyth','SY23 3FL','');
INSERT INTO `address` (`id`, `address_line1`, `address_line2`, `address_line3`, `town`, `postcode`, `county`) VALUES (27,'1','Solo Road',NULL,'Bath','BA1 5LR','Avon');


INSERT INTO `application` (`id`, `duration_in_months`, `name`, `start_date`, `application_status_id`, `competition`, `submitted_date`, `funding_decision`, `assessor_feedback_file_entry_id`) VALUES (24,3,'i am not a good guitarrist',NULL,5,6,NULL,NULL,NULL);
INSERT INTO `application` (`id`, `duration_in_months`, `name`, `start_date`, `application_status_id`, `competition`, `submitted_date`, `funding_decision`, `assessor_feedback_file_entry_id`) VALUES (25,3,'guitars and stuff',NULL,4,6,'2016-05-26 11:12:25','UNFUNDED',NULL);
INSERT INTO `application` (`id`, `duration_in_months`, `name`, `start_date`, `application_status_id`, `competition`, `submitted_date`, `funding_decision`, `assessor_feedback_file_entry_id`) VALUES (26,3,'best riffs',NULL,3,6,'2016-05-26 11:15:55','FUNDED',NULL);
INSERT INTO `application` (`id`, `duration_in_months`, `name`, `start_date`, `application_status_id`, `competition`, `submitted_date`, `funding_decision`, `assessor_feedback_file_entry_id`) VALUES (27,3,'better riffs',NULL,3,6,'2016-05-26 11:20:33','FUNDED',NULL);
INSERT INTO `application` (`id`, `duration_in_months`, `name`, `start_date`, `application_status_id`, `competition`, `submitted_date`, `funding_decision`, `assessor_feedback_file_entry_id`) VALUES (28,3,'awesome riffs',NULL,3,6,'2016-05-26 13:07:42','FUNDED',NULL);


INSERT INTO `organisation` (`id`, `name`, `company_house_number`, `organisation_size`, `organisation_type_id`) VALUES (29,'Epic Riffs Ltd','06477798',NULL,1);
INSERT INTO `organisation` (`id`, `name`, `company_house_number`, `organisation_size`, `organisation_type_id`) VALUES (30,'Insane Drumming Ltd','06477798',NULL,1);
INSERT INTO `organisation` (`id`, `name`, `company_house_number`, `organisation_size`, `organisation_type_id`) VALUES (31,'Consumed By Riffage Ltd','06477798',NULL,1);
INSERT INTO `organisation` (`id`, `name`, `company_house_number`, `organisation_size`, `organisation_type_id`) VALUES (32,'Guitar Gods Ltd','06477798',NULL,1);
INSERT INTO `organisation` (`id`, `name`, `company_house_number`, `organisation_size`, `organisation_type_id`) VALUES (33,'Big Riffs And Insane Solos Ltd','06477798',NULL,1);
INSERT INTO `organisation` (`id`, `name`, `company_house_number`, `organisation_size`, `organisation_type_id`) VALUES (34,'Aberystwyth University',NULL,NULL,5);
INSERT INTO `organisation` (`id`, `name`, `company_house_number`, `organisation_size`, `organisation_type_id`) VALUES (35,'Listen To Metal Ltd','06477798',NULL,1);


INSERT INTO `application_finance` (`id`, `application_id`, `organisation_id`, `organisation_size`, `finance_file_entry_id`) VALUES (28,24,29,'SMALL',NULL);
INSERT INTO `application_finance` (`id`, `application_id`, `organisation_id`, `organisation_size`, `finance_file_entry_id`) VALUES (29,25,30,'SMALL',NULL);
INSERT INTO `application_finance` (`id`, `application_id`, `organisation_id`, `organisation_size`, `finance_file_entry_id`) VALUES (30,26,31,'SMALL',NULL);
INSERT INTO `application_finance` (`id`, `application_id`, `organisation_id`, `organisation_size`, `finance_file_entry_id`) VALUES (31,27,32,'SMALL',NULL);
INSERT INTO `application_finance` (`id`, `application_id`, `organisation_id`, `organisation_size`, `finance_file_entry_id`) VALUES (32,28,33,'SMALL',NULL);
INSERT INTO `application_finance` (`id`, `application_id`, `organisation_id`, `organisation_size`, `finance_file_entry_id`) VALUES (33,28,34,NULL,NULL);
INSERT INTO `application_finance` (`id`, `application_id`, `organisation_id`, `organisation_size`, `finance_file_entry_id`) VALUES (34,28,35,'SMALL',NULL);


INSERT INTO `cost` (`id`, `cost`, `description`, `item`, `quantity`, `name`, `application_finance_id`, `question_id`) VALUES (243,NULL,'Working days per year','Working days per year',232,'working-days-per-year',28,28);
INSERT INTO `cost` (`id`, `cost`, `description`, `item`, `quantity`, `name`, `application_finance_id`, `question_id`) VALUES  (244,NULL,'','NONE',0,'overhead',28,29);
INSERT INTO `cost` (`id`, `cost`, `description`, `item`, `quantity`, `name`, `application_finance_id`, `question_id`) VALUES  (245,0,'Grant Claim','',25,'grant-claim',28,38);
INSERT INTO `cost` (`id`, `cost`, `description`, `item`, `quantity`, `name`, `application_finance_id`, `question_id`) VALUES  (246,0,'Other Funding','No',0,'other-funding',28,35);
INSERT INTO `cost` (`id`, `cost`, `description`, `item`, `quantity`, `name`, `application_finance_id`, `question_id`) VALUES  (247,24000,'','worker',80,'',28,155);
INSERT INTO `cost` (`id`, `cost`, `description`, `item`, `quantity`, `name`, `application_finance_id`, `question_id`) VALUES  (248,NULL,'Working days per year','Working days per year',232,'working-days-per-year',29,28);
INSERT INTO `cost` (`id`, `cost`, `description`, `item`, `quantity`, `name`, `application_finance_id`, `question_id`) VALUES  (249,NULL,'','NONE',0,'overhead',29,29);
INSERT INTO `cost` (`id`, `cost`, `description`, `item`, `quantity`, `name`, `application_finance_id`, `question_id`) VALUES  (250,0,'Grant Claim','',20,'grant-claim',29,38);
INSERT INTO `cost` (`id`, `cost`, `description`, `item`, `quantity`, `name`, `application_finance_id`, `question_id`) VALUES  (251,0,'Other Funding','No',0,'other-funding',29,35);
INSERT INTO `cost` (`id`, `cost`, `description`, `item`, `quantity`, `name`, `application_finance_id`, `question_id`) VALUES  (252,26000,'','worker',90,'',29,155);
INSERT INTO `cost` (`id`, `cost`, `description`, `item`, `quantity`, `name`, `application_finance_id`, `question_id`) VALUES  (253,NULL,'Working days per year','Working days per year',232,'working-days-per-year',30,28);
INSERT INTO `cost` (`id`, `cost`, `description`, `item`, `quantity`, `name`, `application_finance_id`, `question_id`) VALUES  (254,NULL,'','NONE',0,'overhead',30,29);
INSERT INTO `cost` (`id`, `cost`, `description`, `item`, `quantity`, `name`, `application_finance_id`, `question_id`) VALUES  (255,0,'Grant Claim','',20,'grant-claim',30,38);
INSERT INTO `cost` (`id`, `cost`, `description`, `item`, `quantity`, `name`, `application_finance_id`, `question_id`) VALUES  (256,0,'Other Funding','No',0,'other-funding',30,35);
INSERT INTO `cost` (`id`, `cost`, `description`, `item`, `quantity`, `name`, `application_finance_id`, `question_id`) VALUES  (257,30000,'','worker',100,'',30,155);
INSERT INTO `cost` (`id`, `cost`, `description`, `item`, `quantity`, `name`, `application_finance_id`, `question_id`) VALUES  (258,NULL,'Working days per year','Working days per year',232,'working-days-per-year',31,28);
INSERT INTO `cost` (`id`, `cost`, `description`, `item`, `quantity`, `name`, `application_finance_id`, `question_id`) VALUES  (259,NULL,'','NONE',0,'overhead',31,29);
INSERT INTO `cost` (`id`, `cost`, `description`, `item`, `quantity`, `name`, `application_finance_id`, `question_id`) VALUES  (260,0,'Grant Claim','',25,'grant-claim',31,38);
INSERT INTO `cost` (`id`, `cost`, `description`, `item`, `quantity`, `name`, `application_finance_id`, `question_id`) VALUES  (261,0,'Other Funding','No',0,'other-funding',31,35);
INSERT INTO `cost` (`id`, `cost`, `description`, `item`, `quantity`, `name`, `application_finance_id`, `question_id`) VALUES  (262,30000,'','worker',130,'',31,155);
INSERT INTO `cost` (`id`, `cost`, `description`, `item`, `quantity`, `name`, `application_finance_id`, `question_id`) VALUES  (263,NULL,'Working days per year','Working days per year',232,'working-days-per-year',32,28);
INSERT INTO `cost` (`id`, `cost`, `description`, `item`, `quantity`, `name`, `application_finance_id`, `question_id`) VALUES  (264,NULL,'','NONE',0,'overhead',32,29);
INSERT INTO `cost` (`id`, `cost`, `description`, `item`, `quantity`, `name`, `application_finance_id`, `question_id`) VALUES  (265,0,'Grant Claim','',30,'grant-claim',32,38);
INSERT INTO `cost` (`id`, `cost`, `description`, `item`, `quantity`, `name`, `application_finance_id`, `question_id`) VALUES  (266,0,'Other Funding','No',0,'other-funding',32,35);
INSERT INTO `cost` (`id`, `cost`, `description`, `item`, `quantity`, `name`, `application_finance_id`, `question_id`) VALUES  (267,35000,'','worker',100,'',32,155);
INSERT INTO `cost` (`id`, `cost`, `description`, `item`, `quantity`, `name`, `application_finance_id`, `question_id`) VALUES  (268,NULL,NULL,'123456789',NULL,'tsb_reference',33,20);
INSERT INTO `cost` (`id`, `cost`, `description`, `item`, `quantity`, `name`, `application_finance_id`, `question_id`) VALUES  (269,200,NULL,NULL,NULL,'incurred_staff',33,28);
INSERT INTO `cost` (`id`, `cost`, `description`, `item`, `quantity`, `name`, `application_finance_id`, `question_id`) VALUES  (270,0,NULL,NULL,NULL,'incurred_travel_subsistence',33,33);
INSERT INTO `cost` (`id`, `cost`, `description`, `item`, `quantity`, `name`, `application_finance_id`, `question_id`) VALUES  (271,0,NULL,NULL,NULL,'incurred_other_costs',33,30);
INSERT INTO `cost` (`id`, `cost`, `description`, `item`, `quantity`, `name`, `application_finance_id`, `question_id`) VALUES  (272,0,NULL,NULL,NULL,'allocated_investigators',33,28);
INSERT INTO `cost` (`id`, `cost`, `description`, `item`, `quantity`, `name`, `application_finance_id`, `question_id`) VALUES  (273,0,NULL,NULL,NULL,'allocated_estates_costs',33,34);
INSERT INTO `cost` (`id`, `cost`, `description`, `item`, `quantity`, `name`, `application_finance_id`, `question_id`) VALUES  (274,0,NULL,NULL,NULL,'allocated_other_costs',33,34);
INSERT INTO `cost` (`id`, `cost`, `description`, `item`, `quantity`, `name`, `application_finance_id`, `question_id`) VALUES  (275,0,NULL,NULL,NULL,'indirect_costs',33,29);
INSERT INTO `cost` (`id`, `cost`, `description`, `item`, `quantity`, `name`, `application_finance_id`, `question_id`) VALUES  (276,0,NULL,NULL,NULL,'exceptions_staff',33,28);
INSERT INTO `cost` (`id`, `cost`, `description`, `item`, `quantity`, `name`, `application_finance_id`, `question_id`) VALUES  (277,0,NULL,NULL,NULL,'exceptions_other_costs',33,34);
INSERT INTO `cost` (`id`, `cost`, `description`, `item`, `quantity`, `name`, `application_finance_id`, `question_id`) VALUES  (278,NULL,'Working days per year','Working days per year',232,'working-days-per-year',34,28);
INSERT INTO `cost` (`id`, `cost`, `description`, `item`, `quantity`, `name`, `application_finance_id`, `question_id`) VALUES  (279,NULL,'','NONE',0,'overhead',34,29);
INSERT INTO `cost` (`id`, `cost`, `description`, `item`, `quantity`, `name`, `application_finance_id`, `question_id`) VALUES  (280,0,'Grant Claim','',20,'grant-claim',34,38);
INSERT INTO `cost` (`id`, `cost`, `description`, `item`, `quantity`, `name`, `application_finance_id`, `question_id`) VALUES  (281,0,'Other Funding','No',0,'other-funding',34,35);
INSERT INTO `cost` (`id`, `cost`, `description`, `item`, `quantity`, `name`, `application_finance_id`, `question_id`) VALUES  (282,30000,'','worker',200,'',34,155);


INSERT INTO `user` (`id`, `email`, `image_url`, `first_name`, `invite_name`, `last_name`, `phone_number`, `title`, `status`, `uid`, `system_user`) VALUES (38,'test18@test.test',NULL,'test',NULL,'eighteen','1234567890','Mr','ACTIVE','5e311d0c-ae74-4217-b329-a43709426a44',0);
INSERT INTO `user` (`id`, `email`, `image_url`, `first_name`, `invite_name`, `last_name`, `phone_number`, `title`, `status`, `uid`, `system_user`) VALUES (39,'test19@test.test',NULL,'test',NULL,'nineteen','1234567890','Mr','ACTIVE','5a075779-ca3c-4b8d-bac8-fe571d94611a',0);
INSERT INTO `user` (`id`, `email`, `image_url`, `first_name`, `invite_name`, `last_name`, `phone_number`, `title`, `status`, `uid`, `system_user`) VALUES (40,'test20@test.test',NULL,'test',NULL,'twenty','1234567890','Mr','ACTIVE','c1a08f5d-e7b8-450b-a464-7cd48c8b1acc',0);
INSERT INTO `user` (`id`, `email`, `image_url`, `first_name`, `invite_name`, `last_name`, `phone_number`, `title`, `status`, `uid`, `system_user`) VALUES (41,'test21@test.test',NULL,'test',NULL,'twentyone','1234567890','Mr','ACTIVE','e82a5065-76bd-4a63-9c68-d61992cb3abc',0);
INSERT INTO `user` (`id`, `email`, `image_url`, `first_name`, `invite_name`, `last_name`, `phone_number`, `title`, `status`, `uid`, `system_user`) VALUES (42,'test22@test.test',NULL,'test',NULL,'twentytwo','1234567890','Mr','ACTIVE','c4c98880-11fc-4427-98f2-d10e5ff7b93e',0);
INSERT INTO `user` (`id`, `email`, `image_url`, `first_name`, `invite_name`, `last_name`, `phone_number`, `title`, `status`, `uid`, `system_user`) VALUES (43,'test23@test.test',NULL,'test',NULL,'twentythree','1234567890','Mr','ACTIVE','75b02cc6-d326-4631-9f50-41564a1b787c',0);
INSERT INTO `user` (`id`, `email`, `image_url`, `first_name`, `invite_name`, `last_name`, `phone_number`, `title`, `status`, `uid`, `system_user`) VALUES (44,'test24@test.test',NULL,'test',NULL,'twentyfour','1234567890','Mr','ACTIVE','3ebcffa1-d299-4409-acca-be6e6c802499',0);
INSERT INTO `user` (`id`, `email`, `image_url`, `first_name`, `invite_name`, `last_name`, `phone_number`, `title`, `status`, `uid`, `system_user`) VALUES (45,'test25@test.test',NULL,'test',NULL,'twentyfive','1234567890','Mr','ACTIVE','4b065d85-c6a5-4ead-9fc3-60ee2b616cd1',0);
INSERT INTO `user` (`id`, `email`, `image_url`, `first_name`, `invite_name`, `last_name`, `phone_number`, `title`, `status`, `uid`, `system_user`) VALUES (46,'test26@test.test',NULL,'test',NULL,'twentysix','1234567890','Mr','ACTIVE','977068e6-926d-4013-b50a-0780d7fb6b05',0);
INSERT INTO `user` (`id`, `email`, `image_url`, `first_name`, `invite_name`, `last_name`, `phone_number`, `title`, `status`, `uid`, `system_user`) VALUES (47,'test27@test.test',NULL,'test',NULL,'twentyseven','1234567890','Mr','ACTIVE','b826c514-a61e-4e79-8da8-31cac438efe9',0);
INSERT INTO `user` (`id`, `email`, `image_url`, `first_name`, `invite_name`, `last_name`, `phone_number`, `title`, `status`, `uid`, `system_user`) VALUES (48,'test28@test.test',NULL,'test',NULL,'twentyeight','1234567890','Mr','ACTIVE','ac29636e-de05-4319-a484-b40d7541bef5',0);


INSERT INTO `process_role` (`id`, `application_id`, `organisation_id`, `role_id`, `user_id`) VALUES (47,24,29,1,38);
INSERT INTO `process_role` (`id`, `application_id`, `organisation_id`, `role_id`, `user_id`) VALUES (48,25,30,1,39);
INSERT INTO `process_role` (`id`, `application_id`, `organisation_id`, `role_id`, `user_id`) VALUES (49,26,31,1,40);
INSERT INTO `process_role` (`id`, `application_id`, `organisation_id`, `role_id`, `user_id`) VALUES (50,27,32,1,41);
INSERT INTO `process_role` (`id`, `application_id`, `organisation_id`, `role_id`, `user_id`) VALUES (51,27,32,2,42);
INSERT INTO `process_role` (`id`, `application_id`, `organisation_id`, `role_id`, `user_id`) VALUES (52,28,33,1,43);
INSERT INTO `process_role` (`id`, `application_id`, `organisation_id`, `role_id`, `user_id`) VALUES (53,28,33,2,44);
INSERT INTO `process_role` (`id`, `application_id`, `organisation_id`, `role_id`, `user_id`) VALUES (54,28,34,2,45);
INSERT INTO `process_role` (`id`, `application_id`, `organisation_id`, `role_id`, `user_id`) VALUES (55,28,34,2,46);
INSERT INTO `process_role` (`id`, `application_id`, `organisation_id`, `role_id`, `user_id`) VALUES (56,28,35,2,47);
INSERT INTO `process_role` (`id`, `application_id`, `organisation_id`, `role_id`, `user_id`) VALUES (57,28,35,2,48);


INSERT INTO `form_input_response` (`id`, `update_date`, `value`, `form_input_id`, `updated_by_id`, `application_id`, `file_entry_id`) VALUES (90,'2016-05-26 11:08:45','secondly',144,47,24,NULL);
INSERT INTO `form_input_response` (`id`, `update_date`, `value`, `form_input_id`, `updated_by_id`, `application_id`, `file_entry_id`) VALUES (91,'2016-05-26 11:08:54','thirdly',145,47,24,NULL);
INSERT INTO `form_input_response` (`id`, `update_date`, `value`, `form_input_id`, `updated_by_id`, `application_id`, `file_entry_id`) VALUES (92,'2016-05-26 11:09:01','fourthly',146,47,24,NULL);
INSERT INTO `form_input_response` (`id`, `update_date`, `value`, `form_input_id`, `updated_by_id`, `application_id`, `file_entry_id`) VALUES (93,'2016-05-26 11:09:07','fifthly',147,47,24,NULL);
INSERT INTO `form_input_response` (`id`, `update_date`, `value`, `form_input_id`, `updated_by_id`, `application_id`, `file_entry_id`) VALUES (94,'2016-05-26 11:11:28','secondly',144,48,25,NULL);
INSERT INTO `form_input_response` (`id`, `update_date`, `value`, `form_input_id`, `updated_by_id`, `application_id`, `file_entry_id`) VALUES (95,'2016-05-26 11:11:35','thirdly',145,48,25,NULL);
INSERT INTO `form_input_response` (`id`, `update_date`, `value`, `form_input_id`, `updated_by_id`, `application_id`, `file_entry_id`) VALUES (96,'2016-05-26 11:11:41','fourthly',146,48,25,NULL);
INSERT INTO `form_input_response` (`id`, `update_date`, `value`, `form_input_id`, `updated_by_id`, `application_id`, `file_entry_id`) VALUES (97,'2016-05-26 11:11:48','fifthly',147,48,25,NULL);
INSERT INTO `form_input_response` (`id`, `update_date`, `value`, `form_input_id`, `updated_by_id`, `application_id`, `file_entry_id`) VALUES (98,'2016-05-26 11:15:00','secondly',144,49,26,NULL);
INSERT INTO `form_input_response` (`id`, `update_date`, `value`, `form_input_id`, `updated_by_id`, `application_id`, `file_entry_id`) VALUES (99,'2016-05-26 11:15:07','thirdly',145,49,26,NULL);
INSERT INTO `form_input_response` (`id`, `update_date`, `value`, `form_input_id`, `updated_by_id`, `application_id`, `file_entry_id`) VALUES (100,'2016-05-26 11:15:13','fourthly',146,49,26,NULL);
INSERT INTO `form_input_response` (`id`, `update_date`, `value`, `form_input_id`, `updated_by_id`, `application_id`, `file_entry_id`) VALUES (101,'2016-05-26 11:15:20','fifthly',147,49,26,NULL);
INSERT INTO `form_input_response` (`id`, `update_date`, `value`, `form_input_id`, `updated_by_id`, `application_id`, `file_entry_id`) VALUES (102,'2016-05-26 11:19:34','secondly',144,50,27,NULL);
INSERT INTO `form_input_response` (`id`, `update_date`, `value`, `form_input_id`, `updated_by_id`, `application_id`, `file_entry_id`) VALUES (103,'2016-05-26 11:19:40','thirdly',145,50,27,NULL);
INSERT INTO `form_input_response` (`id`, `update_date`, `value`, `form_input_id`, `updated_by_id`, `application_id`, `file_entry_id`) VALUES (104,'2016-05-26 11:19:46','fourthly',146,50,27,NULL);
INSERT INTO `form_input_response` (`id`, `update_date`, `value`, `form_input_id`, `updated_by_id`, `application_id`, `file_entry_id`) VALUES (105,'2016-05-26 11:19:53','fifthly',147,50,27,NULL);
INSERT INTO `form_input_response` (`id`, `update_date`, `value`, `form_input_id`, `updated_by_id`, `application_id`, `file_entry_id`) VALUES (106,'2016-05-26 11:24:56','secondly',144,52,28,NULL);
INSERT INTO `form_input_response` (`id`, `update_date`, `value`, `form_input_id`, `updated_by_id`, `application_id`, `file_entry_id`) VALUES (107,'2016-05-26 11:25:02','thirdly',145,52,28,NULL);
INSERT INTO `form_input_response` (`id`, `update_date`, `value`, `form_input_id`, `updated_by_id`, `application_id`, `file_entry_id`) VALUES (108,'2016-05-26 11:25:08','fourthly',146,52,28,NULL);
INSERT INTO `form_input_response` (`id`, `update_date`, `value`, `form_input_id`, `updated_by_id`, `application_id`, `file_entry_id`) VALUES (109,'2016-05-26 11:25:15','fifthly',147,52,28,NULL);


INSERT INTO `organisation_address` (`id`, `address_type`, `address_id`, `organisation_id`) VALUES (21,'REGISTERED',21,29);
INSERT INTO `organisation_address` (`id`, `address_type`, `address_id`, `organisation_id`) VALUES (22,'REGISTERED',22,30);
INSERT INTO `organisation_address` (`id`, `address_type`, `address_id`, `organisation_id`) VALUES (23,'REGISTERED',23,31);
INSERT INTO `organisation_address` (`id`, `address_type`, `address_id`, `organisation_id`) VALUES (24,'REGISTERED',24,32);
INSERT INTO `organisation_address` (`id`, `address_type`, `address_id`, `organisation_id`) VALUES (25,'REGISTERED',25,33);
INSERT INTO `organisation_address` (`id`, `address_type`, `address_id`, `organisation_id`) VALUES (26,'OPERATING',26,34);
INSERT INTO `organisation_address` (`id`, `address_type`, `address_id`, `organisation_id`) VALUES (27,'REGISTERED',27,35);


INSERT INTO `question_status` (`id`, `assigned_date`, `marked_as_complete`, `notified`, `application_id`, `assigned_by_id`, `assignee_id`, `marked_as_complete_by_id`, `question_id`) VALUES (607,NULL,'',NULL,24,NULL,NULL,47,143);
INSERT INTO `question_status` (`id`, `assigned_date`, `marked_as_complete`, `notified`, `application_id`, `assigned_by_id`, `assignee_id`, `marked_as_complete_by_id`, `question_id`) VALUES (608,NULL,'',NULL,24,NULL,NULL,47,144);
INSERT INTO `question_status` (`id`, `assigned_date`, `marked_as_complete`, `notified`, `application_id`, `assigned_by_id`, `assignee_id`, `marked_as_complete_by_id`, `question_id`) VALUES (609,NULL,'',NULL,24,NULL,NULL,47,145);
INSERT INTO `question_status` (`id`, `assigned_date`, `marked_as_complete`, `notified`, `application_id`, `assigned_by_id`, `assignee_id`, `marked_as_complete_by_id`, `question_id`) VALUES (610,NULL,'',NULL,24,NULL,NULL,47,146);
INSERT INTO `question_status` (`id`, `assigned_date`, `marked_as_complete`, `notified`, `application_id`, `assigned_by_id`, `assignee_id`, `marked_as_complete_by_id`, `question_id`) VALUES (611,NULL,'',NULL,24,NULL,NULL,47,147);
INSERT INTO `question_status` (`id`, `assigned_date`, `marked_as_complete`, `notified`, `application_id`, `assigned_by_id`, `assignee_id`, `marked_as_complete_by_id`, `question_id`) VALUES (612,NULL,'',NULL,24,NULL,NULL,47,160);
INSERT INTO `question_status` (`id`, `assigned_date`, `marked_as_complete`, `notified`, `application_id`, `assigned_by_id`, `assignee_id`, `marked_as_complete_by_id`, `question_id`) VALUES (613,'2016-05-26 11:09:37',NULL,'',24,47,47,NULL,160);
INSERT INTO `question_status` (`id`, `assigned_date`, `marked_as_complete`, `notified`, `application_id`, `assigned_by_id`, `assignee_id`, `marked_as_complete_by_id`, `question_id`) VALUES (614,NULL,'',NULL,24,NULL,NULL,47,161);
INSERT INTO `question_status` (`id`, `assigned_date`, `marked_as_complete`, `notified`, `application_id`, `assigned_by_id`, `assignee_id`, `marked_as_complete_by_id`, `question_id`) VALUES (615,'2016-05-26 11:09:37',NULL,'',24,47,47,NULL,161);
INSERT INTO `question_status` (`id`, `assigned_date`, `marked_as_complete`, `notified`, `application_id`, `assigned_by_id`, `assignee_id`, `marked_as_complete_by_id`, `question_id`) VALUES (616,NULL,'',NULL,24,NULL,NULL,47,162);
INSERT INTO `question_status` (`id`, `assigned_date`, `marked_as_complete`, `notified`, `application_id`, `assigned_by_id`, `assignee_id`, `marked_as_complete_by_id`, `question_id`) VALUES (617,'2016-05-26 11:09:37',NULL,'',24,47,47,NULL,162);
INSERT INTO `question_status` (`id`, `assigned_date`, `marked_as_complete`, `notified`, `application_id`, `assigned_by_id`, `assignee_id`, `marked_as_complete_by_id`, `question_id`) VALUES (618,NULL,'',NULL,24,NULL,NULL,47,164);
INSERT INTO `question_status` (`id`, `assigned_date`, `marked_as_complete`, `notified`, `application_id`, `assigned_by_id`, `assignee_id`, `marked_as_complete_by_id`, `question_id`) VALUES (619,'2016-05-26 11:09:37',NULL,'',24,47,47,NULL,164);
INSERT INTO `question_status` (`id`, `assigned_date`, `marked_as_complete`, `notified`, `application_id`, `assigned_by_id`, `assignee_id`, `marked_as_complete_by_id`, `question_id`) VALUES (620,NULL,'',NULL,24,NULL,NULL,47,165);
INSERT INTO `question_status` (`id`, `assigned_date`, `marked_as_complete`, `notified`, `application_id`, `assigned_by_id`, `assignee_id`, `marked_as_complete_by_id`, `question_id`) VALUES (621,'2016-05-26 11:09:37',NULL,'',24,47,47,NULL,165);
INSERT INTO `question_status` (`id`, `assigned_date`, `marked_as_complete`, `notified`, `application_id`, `assigned_by_id`, `assignee_id`, `marked_as_complete_by_id`, `question_id`) VALUES (622,NULL,'',NULL,24,NULL,NULL,47,167);
INSERT INTO `question_status` (`id`, `assigned_date`, `marked_as_complete`, `notified`, `application_id`, `assigned_by_id`, `assignee_id`, `marked_as_complete_by_id`, `question_id`) VALUES (623,'2016-05-26 11:09:37',NULL,'',24,47,47,NULL,167);
INSERT INTO `question_status` (`id`, `assigned_date`, `marked_as_complete`, `notified`, `application_id`, `assigned_by_id`, `assignee_id`, `marked_as_complete_by_id`, `question_id`) VALUES (624,NULL,'',NULL,24,NULL,NULL,47,148);
INSERT INTO `question_status` (`id`, `assigned_date`, `marked_as_complete`, `notified`, `application_id`, `assigned_by_id`, `assignee_id`, `marked_as_complete_by_id`, `question_id`) VALUES (625,'2016-05-26 11:09:37',NULL,'',24,47,47,NULL,148);
INSERT INTO `question_status` (`id`, `assigned_date`, `marked_as_complete`, `notified`, `application_id`, `assigned_by_id`, `assignee_id`, `marked_as_complete_by_id`, `question_id`) VALUES (626,NULL,'',NULL,24,NULL,NULL,47,149);
INSERT INTO `question_status` (`id`, `assigned_date`, `marked_as_complete`, `notified`, `application_id`, `assigned_by_id`, `assignee_id`, `marked_as_complete_by_id`, `question_id`) VALUES (627,'2016-05-26 11:09:37',NULL,'',24,47,47,NULL,149);
INSERT INTO `question_status` (`id`, `assigned_date`, `marked_as_complete`, `notified`, `application_id`, `assigned_by_id`, `assignee_id`, `marked_as_complete_by_id`, `question_id`) VALUES (628,NULL,'',NULL,24,NULL,NULL,47,150);
INSERT INTO `question_status` (`id`, `assigned_date`, `marked_as_complete`, `notified`, `application_id`, `assigned_by_id`, `assignee_id`, `marked_as_complete_by_id`, `question_id`) VALUES (629,'2016-05-26 11:09:37',NULL,'',24,47,47,NULL,150);
INSERT INTO `question_status` (`id`, `assigned_date`, `marked_as_complete`, `notified`, `application_id`, `assigned_by_id`, `assignee_id`, `marked_as_complete_by_id`, `question_id`) VALUES (630,NULL,'',NULL,24,NULL,NULL,47,151);
INSERT INTO `question_status` (`id`, `assigned_date`, `marked_as_complete`, `notified`, `application_id`, `assigned_by_id`, `assignee_id`, `marked_as_complete_by_id`, `question_id`) VALUES (631,'2016-05-26 11:09:37',NULL,'',24,47,47,NULL,151);
INSERT INTO `question_status` (`id`, `assigned_date`, `marked_as_complete`, `notified`, `application_id`, `assigned_by_id`, `assignee_id`, `marked_as_complete_by_id`, `question_id`) VALUES (632,NULL,'',NULL,24,NULL,NULL,47,152);
INSERT INTO `question_status` (`id`, `assigned_date`, `marked_as_complete`, `notified`, `application_id`, `assigned_by_id`, `assignee_id`, `marked_as_complete_by_id`, `question_id`) VALUES (633,'2016-05-26 11:09:37',NULL,'',24,47,47,NULL,152);
INSERT INTO `question_status` (`id`, `assigned_date`, `marked_as_complete`, `notified`, `application_id`, `assigned_by_id`, `assignee_id`, `marked_as_complete_by_id`, `question_id`) VALUES (634,NULL,'',NULL,24,NULL,NULL,47,153);
INSERT INTO `question_status` (`id`, `assigned_date`, `marked_as_complete`, `notified`, `application_id`, `assigned_by_id`, `assignee_id`, `marked_as_complete_by_id`, `question_id`) VALUES (635,'2016-05-26 11:09:37',NULL,'',24,47,47,NULL,153);
INSERT INTO `question_status` (`id`, `assigned_date`, `marked_as_complete`, `notified`, `application_id`, `assigned_by_id`, `assignee_id`, `marked_as_complete_by_id`, `question_id`) VALUES (636,NULL,'',NULL,24,NULL,NULL,47,154);
INSERT INTO `question_status` (`id`, `assigned_date`, `marked_as_complete`, `notified`, `application_id`, `assigned_by_id`, `assignee_id`, `marked_as_complete_by_id`, `question_id`) VALUES (637,'2016-05-26 11:09:37',NULL,'',24,47,47,NULL,154);
INSERT INTO `question_status` (`id`, `assigned_date`, `marked_as_complete`, `notified`, `application_id`, `assigned_by_id`, `assignee_id`, `marked_as_complete_by_id`, `question_id`) VALUES (638,NULL,'',NULL,24,NULL,NULL,47,155);
INSERT INTO `question_status` (`id`, `assigned_date`, `marked_as_complete`, `notified`, `application_id`, `assigned_by_id`, `assignee_id`, `marked_as_complete_by_id`, `question_id`) VALUES (639,'2016-05-26 11:09:37',NULL,'',24,47,47,NULL,155);
INSERT INTO `question_status` (`id`, `assigned_date`, `marked_as_complete`, `notified`, `application_id`, `assigned_by_id`, `assignee_id`, `marked_as_complete_by_id`, `question_id`) VALUES (640,NULL,'',NULL,24,NULL,NULL,47,156);
INSERT INTO `question_status` (`id`, `assigned_date`, `marked_as_complete`, `notified`, `application_id`, `assigned_by_id`, `assignee_id`, `marked_as_complete_by_id`, `question_id`) VALUES (641,'2016-05-26 11:09:37',NULL,'',24,47,47,NULL,156);
INSERT INTO `question_status` (`id`, `assigned_date`, `marked_as_complete`, `notified`, `application_id`, `assigned_by_id`, `assignee_id`, `marked_as_complete_by_id`, `question_id`) VALUES (642,NULL,'',NULL,24,NULL,NULL,47,157);
INSERT INTO `question_status` (`id`, `assigned_date`, `marked_as_complete`, `notified`, `application_id`, `assigned_by_id`, `assignee_id`, `marked_as_complete_by_id`, `question_id`) VALUES (643,'2016-05-26 11:09:37',NULL,'',24,47,47,NULL,157);
INSERT INTO `question_status` (`id`, `assigned_date`, `marked_as_complete`, `notified`, `application_id`, `assigned_by_id`, `assignee_id`, `marked_as_complete_by_id`, `question_id`) VALUES (644,NULL,'',NULL,24,NULL,NULL,47,158);
INSERT INTO `question_status` (`id`, `assigned_date`, `marked_as_complete`, `notified`, `application_id`, `assigned_by_id`, `assignee_id`, `marked_as_complete_by_id`, `question_id`) VALUES (645,'2016-05-26 11:09:37',NULL,'',24,47,47,NULL,158);
INSERT INTO `question_status` (`id`, `assigned_date`, `marked_as_complete`, `notified`, `application_id`, `assigned_by_id`, `assignee_id`, `marked_as_complete_by_id`, `question_id`) VALUES (646,NULL,'',NULL,24,NULL,NULL,47,159);
INSERT INTO `question_status` (`id`, `assigned_date`, `marked_as_complete`, `notified`, `application_id`, `assigned_by_id`, `assignee_id`, `marked_as_complete_by_id`, `question_id`) VALUES (647,'2016-05-26 11:09:37',NULL,'',24,47,47,NULL,159);
INSERT INTO `question_status` (`id`, `assigned_date`, `marked_as_complete`, `notified`, `application_id`, `assigned_by_id`, `assignee_id`, `marked_as_complete_by_id`, `question_id`) VALUES (648,NULL,'',NULL,25,NULL,NULL,48,143);
INSERT INTO `question_status` (`id`, `assigned_date`, `marked_as_complete`, `notified`, `application_id`, `assigned_by_id`, `assignee_id`, `marked_as_complete_by_id`, `question_id`) VALUES (649,NULL,'',NULL,25,NULL,NULL,48,144);
INSERT INTO `question_status` (`id`, `assigned_date`, `marked_as_complete`, `notified`, `application_id`, `assigned_by_id`, `assignee_id`, `marked_as_complete_by_id`, `question_id`) VALUES (650,NULL,'',NULL,25,NULL,NULL,48,145);
INSERT INTO `question_status` (`id`, `assigned_date`, `marked_as_complete`, `notified`, `application_id`, `assigned_by_id`, `assignee_id`, `marked_as_complete_by_id`, `question_id`) VALUES (651,NULL,'',NULL,25,NULL,NULL,48,146);
INSERT INTO `question_status` (`id`, `assigned_date`, `marked_as_complete`, `notified`, `application_id`, `assigned_by_id`, `assignee_id`, `marked_as_complete_by_id`, `question_id`) VALUES (652,NULL,'',NULL,25,NULL,NULL,48,147);
INSERT INTO `question_status` (`id`, `assigned_date`, `marked_as_complete`, `notified`, `application_id`, `assigned_by_id`, `assignee_id`, `marked_as_complete_by_id`, `question_id`) VALUES (653,NULL,'',NULL,25,NULL,NULL,48,160);
INSERT INTO `question_status` (`id`, `assigned_date`, `marked_as_complete`, `notified`, `application_id`, `assigned_by_id`, `assignee_id`, `marked_as_complete_by_id`, `question_id`) VALUES (654,'2016-05-26 11:12:15',NULL,'',25,48,48,NULL,160);
INSERT INTO `question_status` (`id`, `assigned_date`, `marked_as_complete`, `notified`, `application_id`, `assigned_by_id`, `assignee_id`, `marked_as_complete_by_id`, `question_id`) VALUES (655,NULL,'',NULL,25,NULL,NULL,48,161);
INSERT INTO `question_status` (`id`, `assigned_date`, `marked_as_complete`, `notified`, `application_id`, `assigned_by_id`, `assignee_id`, `marked_as_complete_by_id`, `question_id`) VALUES (656,'2016-05-26 11:12:15',NULL,'',25,48,48,NULL,161);
INSERT INTO `question_status` (`id`, `assigned_date`, `marked_as_complete`, `notified`, `application_id`, `assigned_by_id`, `assignee_id`, `marked_as_complete_by_id`, `question_id`) VALUES (657,NULL,'',NULL,25,NULL,NULL,48,162);
INSERT INTO `question_status` (`id`, `assigned_date`, `marked_as_complete`, `notified`, `application_id`, `assigned_by_id`, `assignee_id`, `marked_as_complete_by_id`, `question_id`) VALUES (658,'2016-05-26 11:12:15',NULL,'',25,48,48,NULL,162);
INSERT INTO `question_status` (`id`, `assigned_date`, `marked_as_complete`, `notified`, `application_id`, `assigned_by_id`, `assignee_id`, `marked_as_complete_by_id`, `question_id`) VALUES (659,NULL,'',NULL,25,NULL,NULL,48,164);
INSERT INTO `question_status` (`id`, `assigned_date`, `marked_as_complete`, `notified`, `application_id`, `assigned_by_id`, `assignee_id`, `marked_as_complete_by_id`, `question_id`) VALUES (660,'2016-05-26 11:12:15',NULL,'',25,48,48,NULL,164);
INSERT INTO `question_status` (`id`, `assigned_date`, `marked_as_complete`, `notified`, `application_id`, `assigned_by_id`, `assignee_id`, `marked_as_complete_by_id`, `question_id`) VALUES (661,NULL,'',NULL,25,NULL,NULL,48,165);
INSERT INTO `question_status` (`id`, `assigned_date`, `marked_as_complete`, `notified`, `application_id`, `assigned_by_id`, `assignee_id`, `marked_as_complete_by_id`, `question_id`) VALUES (662,'2016-05-26 11:12:15',NULL,'',25,48,48,NULL,165);
INSERT INTO `question_status` (`id`, `assigned_date`, `marked_as_complete`, `notified`, `application_id`, `assigned_by_id`, `assignee_id`, `marked_as_complete_by_id`, `question_id`) VALUES (663,NULL,'',NULL,25,NULL,NULL,48,167);
INSERT INTO `question_status` (`id`, `assigned_date`, `marked_as_complete`, `notified`, `application_id`, `assigned_by_id`, `assignee_id`, `marked_as_complete_by_id`, `question_id`) VALUES (664,'2016-05-26 11:12:15',NULL,'',25,48,48,NULL,167);
INSERT INTO `question_status` (`id`, `assigned_date`, `marked_as_complete`, `notified`, `application_id`, `assigned_by_id`, `assignee_id`, `marked_as_complete_by_id`, `question_id`) VALUES (665,NULL,'',NULL,25,NULL,NULL,48,148);
INSERT INTO `question_status` (`id`, `assigned_date`, `marked_as_complete`, `notified`, `application_id`, `assigned_by_id`, `assignee_id`, `marked_as_complete_by_id`, `question_id`) VALUES (666,'2016-05-26 11:12:15',NULL,'',25,48,48,NULL,148);
INSERT INTO `question_status` (`id`, `assigned_date`, `marked_as_complete`, `notified`, `application_id`, `assigned_by_id`, `assignee_id`, `marked_as_complete_by_id`, `question_id`) VALUES (667,NULL,'',NULL,25,NULL,NULL,48,149);
INSERT INTO `question_status` (`id`, `assigned_date`, `marked_as_complete`, `notified`, `application_id`, `assigned_by_id`, `assignee_id`, `marked_as_complete_by_id`, `question_id`) VALUES (668,'2016-05-26 11:12:15',NULL,'',25,48,48,NULL,149);
INSERT INTO `question_status` (`id`, `assigned_date`, `marked_as_complete`, `notified`, `application_id`, `assigned_by_id`, `assignee_id`, `marked_as_complete_by_id`, `question_id`) VALUES (669,NULL,'',NULL,25,NULL,NULL,48,150);
INSERT INTO `question_status` (`id`, `assigned_date`, `marked_as_complete`, `notified`, `application_id`, `assigned_by_id`, `assignee_id`, `marked_as_complete_by_id`, `question_id`) VALUES (670,'2016-05-26 11:12:15',NULL,'',25,48,48,NULL,150);
INSERT INTO `question_status` (`id`, `assigned_date`, `marked_as_complete`, `notified`, `application_id`, `assigned_by_id`, `assignee_id`, `marked_as_complete_by_id`, `question_id`) VALUES (671,NULL,'',NULL,25,NULL,NULL,48,151);
INSERT INTO `question_status` (`id`, `assigned_date`, `marked_as_complete`, `notified`, `application_id`, `assigned_by_id`, `assignee_id`, `marked_as_complete_by_id`, `question_id`) VALUES (672,'2016-05-26 11:12:15',NULL,'',25,48,48,NULL,151);
INSERT INTO `question_status` (`id`, `assigned_date`, `marked_as_complete`, `notified`, `application_id`, `assigned_by_id`, `assignee_id`, `marked_as_complete_by_id`, `question_id`) VALUES (673,NULL,'',NULL,25,NULL,NULL,48,152);
INSERT INTO `question_status` (`id`, `assigned_date`, `marked_as_complete`, `notified`, `application_id`, `assigned_by_id`, `assignee_id`, `marked_as_complete_by_id`, `question_id`) VALUES (674,'2016-05-26 11:12:15',NULL,'',25,48,48,NULL,152);
INSERT INTO `question_status` (`id`, `assigned_date`, `marked_as_complete`, `notified`, `application_id`, `assigned_by_id`, `assignee_id`, `marked_as_complete_by_id`, `question_id`) VALUES (675,NULL,'',NULL,25,NULL,NULL,48,153);
INSERT INTO `question_status` (`id`, `assigned_date`, `marked_as_complete`, `notified`, `application_id`, `assigned_by_id`, `assignee_id`, `marked_as_complete_by_id`, `question_id`) VALUES (676,'2016-05-26 11:12:15',NULL,'',25,48,48,NULL,153);
INSERT INTO `question_status` (`id`, `assigned_date`, `marked_as_complete`, `notified`, `application_id`, `assigned_by_id`, `assignee_id`, `marked_as_complete_by_id`, `question_id`) VALUES (677,NULL,'',NULL,25,NULL,NULL,48,154);
INSERT INTO `question_status` (`id`, `assigned_date`, `marked_as_complete`, `notified`, `application_id`, `assigned_by_id`, `assignee_id`, `marked_as_complete_by_id`, `question_id`) VALUES (678,'2016-05-26 11:12:15',NULL,'',25,48,48,NULL,154);
INSERT INTO `question_status` (`id`, `assigned_date`, `marked_as_complete`, `notified`, `application_id`, `assigned_by_id`, `assignee_id`, `marked_as_complete_by_id`, `question_id`) VALUES (679,NULL,'',NULL,25,NULL,NULL,48,155);
INSERT INTO `question_status` (`id`, `assigned_date`, `marked_as_complete`, `notified`, `application_id`, `assigned_by_id`, `assignee_id`, `marked_as_complete_by_id`, `question_id`) VALUES (680,'2016-05-26 11:12:15',NULL,'',25,48,48,NULL,155);
INSERT INTO `question_status` (`id`, `assigned_date`, `marked_as_complete`, `notified`, `application_id`, `assigned_by_id`, `assignee_id`, `marked_as_complete_by_id`, `question_id`) VALUES (681,NULL,'',NULL,25,NULL,NULL,48,156);
INSERT INTO `question_status` (`id`, `assigned_date`, `marked_as_complete`, `notified`, `application_id`, `assigned_by_id`, `assignee_id`, `marked_as_complete_by_id`, `question_id`) VALUES (682,'2016-05-26 11:12:15',NULL,'',25,48,48,NULL,156);
INSERT INTO `question_status` (`id`, `assigned_date`, `marked_as_complete`, `notified`, `application_id`, `assigned_by_id`, `assignee_id`, `marked_as_complete_by_id`, `question_id`) VALUES (683,NULL,'',NULL,25,NULL,NULL,48,157);
INSERT INTO `question_status` (`id`, `assigned_date`, `marked_as_complete`, `notified`, `application_id`, `assigned_by_id`, `assignee_id`, `marked_as_complete_by_id`, `question_id`) VALUES (684,'2016-05-26 11:12:15',NULL,'',25,48,48,NULL,157);
INSERT INTO `question_status` (`id`, `assigned_date`, `marked_as_complete`, `notified`, `application_id`, `assigned_by_id`, `assignee_id`, `marked_as_complete_by_id`, `question_id`) VALUES (685,NULL,'',NULL,25,NULL,NULL,48,158);
INSERT INTO `question_status` (`id`, `assigned_date`, `marked_as_complete`, `notified`, `application_id`, `assigned_by_id`, `assignee_id`, `marked_as_complete_by_id`, `question_id`) VALUES (686,'2016-05-26 11:12:15',NULL,'',25,48,48,NULL,158);
INSERT INTO `question_status` (`id`, `assigned_date`, `marked_as_complete`, `notified`, `application_id`, `assigned_by_id`, `assignee_id`, `marked_as_complete_by_id`, `question_id`) VALUES (687,NULL,'',NULL,25,NULL,NULL,48,159);
INSERT INTO `question_status` (`id`, `assigned_date`, `marked_as_complete`, `notified`, `application_id`, `assigned_by_id`, `assignee_id`, `marked_as_complete_by_id`, `question_id`) VALUES (688,'2016-05-26 11:12:15',NULL,'',25,48,48,NULL,159);
INSERT INTO `question_status` (`id`, `assigned_date`, `marked_as_complete`, `notified`, `application_id`, `assigned_by_id`, `assignee_id`, `marked_as_complete_by_id`, `question_id`) VALUES (689,NULL,'',NULL,26,NULL,NULL,49,143);
INSERT INTO `question_status` (`id`, `assigned_date`, `marked_as_complete`, `notified`, `application_id`, `assigned_by_id`, `assignee_id`, `marked_as_complete_by_id`, `question_id`) VALUES (690,NULL,'',NULL,26,NULL,NULL,49,144);
INSERT INTO `question_status` (`id`, `assigned_date`, `marked_as_complete`, `notified`, `application_id`, `assigned_by_id`, `assignee_id`, `marked_as_complete_by_id`, `question_id`) VALUES (691,NULL,'',NULL,26,NULL,NULL,49,145);
INSERT INTO `question_status` (`id`, `assigned_date`, `marked_as_complete`, `notified`, `application_id`, `assigned_by_id`, `assignee_id`, `marked_as_complete_by_id`, `question_id`) VALUES (692,NULL,'',NULL,26,NULL,NULL,49,146);
INSERT INTO `question_status` (`id`, `assigned_date`, `marked_as_complete`, `notified`, `application_id`, `assigned_by_id`, `assignee_id`, `marked_as_complete_by_id`, `question_id`) VALUES (693,NULL,'',NULL,26,NULL,NULL,49,147);
INSERT INTO `question_status` (`id`, `assigned_date`, `marked_as_complete`, `notified`, `application_id`, `assigned_by_id`, `assignee_id`, `marked_as_complete_by_id`, `question_id`) VALUES (694,NULL,'',NULL,26,NULL,NULL,49,160);
INSERT INTO `question_status` (`id`, `assigned_date`, `marked_as_complete`, `notified`, `application_id`, `assigned_by_id`, `assignee_id`, `marked_as_complete_by_id`, `question_id`) VALUES (695,'2016-05-26 11:15:44',NULL,'',26,49,49,NULL,160);
INSERT INTO `question_status` (`id`, `assigned_date`, `marked_as_complete`, `notified`, `application_id`, `assigned_by_id`, `assignee_id`, `marked_as_complete_by_id`, `question_id`) VALUES (696,NULL,'',NULL,26,NULL,NULL,49,161);
INSERT INTO `question_status` (`id`, `assigned_date`, `marked_as_complete`, `notified`, `application_id`, `assigned_by_id`, `assignee_id`, `marked_as_complete_by_id`, `question_id`) VALUES (697,'2016-05-26 11:15:44',NULL,'',26,49,49,NULL,161);
INSERT INTO `question_status` (`id`, `assigned_date`, `marked_as_complete`, `notified`, `application_id`, `assigned_by_id`, `assignee_id`, `marked_as_complete_by_id`, `question_id`) VALUES (698,NULL,'',NULL,26,NULL,NULL,49,162);
INSERT INTO `question_status` (`id`, `assigned_date`, `marked_as_complete`, `notified`, `application_id`, `assigned_by_id`, `assignee_id`, `marked_as_complete_by_id`, `question_id`) VALUES (699,'2016-05-26 11:15:44',NULL,'',26,49,49,NULL,162);
INSERT INTO `question_status` (`id`, `assigned_date`, `marked_as_complete`, `notified`, `application_id`, `assigned_by_id`, `assignee_id`, `marked_as_complete_by_id`, `question_id`) VALUES (700,NULL,'',NULL,26,NULL,NULL,49,164);
INSERT INTO `question_status` (`id`, `assigned_date`, `marked_as_complete`, `notified`, `application_id`, `assigned_by_id`, `assignee_id`, `marked_as_complete_by_id`, `question_id`) VALUES (701,'2016-05-26 11:15:44',NULL,'',26,49,49,NULL,164);
INSERT INTO `question_status` (`id`, `assigned_date`, `marked_as_complete`, `notified`, `application_id`, `assigned_by_id`, `assignee_id`, `marked_as_complete_by_id`, `question_id`) VALUES (702,NULL,'',NULL,26,NULL,NULL,49,165);
INSERT INTO `question_status` (`id`, `assigned_date`, `marked_as_complete`, `notified`, `application_id`, `assigned_by_id`, `assignee_id`, `marked_as_complete_by_id`, `question_id`) VALUES (703,'2016-05-26 11:15:44',NULL,'',26,49,49,NULL,165);
INSERT INTO `question_status` (`id`, `assigned_date`, `marked_as_complete`, `notified`, `application_id`, `assigned_by_id`, `assignee_id`, `marked_as_complete_by_id`, `question_id`) VALUES (704,NULL,'',NULL,26,NULL,NULL,49,167);
INSERT INTO `question_status` (`id`, `assigned_date`, `marked_as_complete`, `notified`, `application_id`, `assigned_by_id`, `assignee_id`, `marked_as_complete_by_id`, `question_id`) VALUES (705,'2016-05-26 11:15:44',NULL,'',26,49,49,NULL,167);
INSERT INTO `question_status` (`id`, `assigned_date`, `marked_as_complete`, `notified`, `application_id`, `assigned_by_id`, `assignee_id`, `marked_as_complete_by_id`, `question_id`) VALUES (706,NULL,'',NULL,26,NULL,NULL,49,148);
INSERT INTO `question_status` (`id`, `assigned_date`, `marked_as_complete`, `notified`, `application_id`, `assigned_by_id`, `assignee_id`, `marked_as_complete_by_id`, `question_id`) VALUES (707,'2016-05-26 11:15:44',NULL,'',26,49,49,NULL,148);
INSERT INTO `question_status` (`id`, `assigned_date`, `marked_as_complete`, `notified`, `application_id`, `assigned_by_id`, `assignee_id`, `marked_as_complete_by_id`, `question_id`) VALUES (708,NULL,'',NULL,26,NULL,NULL,49,149);
INSERT INTO `question_status` (`id`, `assigned_date`, `marked_as_complete`, `notified`, `application_id`, `assigned_by_id`, `assignee_id`, `marked_as_complete_by_id`, `question_id`) VALUES (709,'2016-05-26 11:15:44',NULL,'',26,49,49,NULL,149);
INSERT INTO `question_status` (`id`, `assigned_date`, `marked_as_complete`, `notified`, `application_id`, `assigned_by_id`, `assignee_id`, `marked_as_complete_by_id`, `question_id`) VALUES (710,NULL,'',NULL,26,NULL,NULL,49,150);
INSERT INTO `question_status` (`id`, `assigned_date`, `marked_as_complete`, `notified`, `application_id`, `assigned_by_id`, `assignee_id`, `marked_as_complete_by_id`, `question_id`) VALUES (711,'2016-05-26 11:15:44',NULL,'',26,49,49,NULL,150);
INSERT INTO `question_status` (`id`, `assigned_date`, `marked_as_complete`, `notified`, `application_id`, `assigned_by_id`, `assignee_id`, `marked_as_complete_by_id`, `question_id`) VALUES (712,NULL,'',NULL,26,NULL,NULL,49,151);
INSERT INTO `question_status` (`id`, `assigned_date`, `marked_as_complete`, `notified`, `application_id`, `assigned_by_id`, `assignee_id`, `marked_as_complete_by_id`, `question_id`) VALUES (713,'2016-05-26 11:15:44',NULL,'',26,49,49,NULL,151);
INSERT INTO `question_status` (`id`, `assigned_date`, `marked_as_complete`, `notified`, `application_id`, `assigned_by_id`, `assignee_id`, `marked_as_complete_by_id`, `question_id`) VALUES (714,NULL,'',NULL,26,NULL,NULL,49,152);
INSERT INTO `question_status` (`id`, `assigned_date`, `marked_as_complete`, `notified`, `application_id`, `assigned_by_id`, `assignee_id`, `marked_as_complete_by_id`, `question_id`) VALUES (715,'2016-05-26 11:15:44',NULL,'',26,49,49,NULL,152);
INSERT INTO `question_status` (`id`, `assigned_date`, `marked_as_complete`, `notified`, `application_id`, `assigned_by_id`, `assignee_id`, `marked_as_complete_by_id`, `question_id`) VALUES (716,NULL,'',NULL,26,NULL,NULL,49,153);
INSERT INTO `question_status` (`id`, `assigned_date`, `marked_as_complete`, `notified`, `application_id`, `assigned_by_id`, `assignee_id`, `marked_as_complete_by_id`, `question_id`) VALUES (717,'2016-05-26 11:15:44',NULL,'',26,49,49,NULL,153);
INSERT INTO `question_status` (`id`, `assigned_date`, `marked_as_complete`, `notified`, `application_id`, `assigned_by_id`, `assignee_id`, `marked_as_complete_by_id`, `question_id`) VALUES (718,NULL,'',NULL,26,NULL,NULL,49,154);
INSERT INTO `question_status` (`id`, `assigned_date`, `marked_as_complete`, `notified`, `application_id`, `assigned_by_id`, `assignee_id`, `marked_as_complete_by_id`, `question_id`) VALUES (719,'2016-05-26 11:15:44',NULL,'',26,49,49,NULL,154);
INSERT INTO `question_status` (`id`, `assigned_date`, `marked_as_complete`, `notified`, `application_id`, `assigned_by_id`, `assignee_id`, `marked_as_complete_by_id`, `question_id`) VALUES (720,NULL,'',NULL,26,NULL,NULL,49,155);
INSERT INTO `question_status` (`id`, `assigned_date`, `marked_as_complete`, `notified`, `application_id`, `assigned_by_id`, `assignee_id`, `marked_as_complete_by_id`, `question_id`) VALUES (721,'2016-05-26 11:15:44',NULL,'',26,49,49,NULL,155);
INSERT INTO `question_status` (`id`, `assigned_date`, `marked_as_complete`, `notified`, `application_id`, `assigned_by_id`, `assignee_id`, `marked_as_complete_by_id`, `question_id`) VALUES (722,NULL,'',NULL,26,NULL,NULL,49,156);
INSERT INTO `question_status` (`id`, `assigned_date`, `marked_as_complete`, `notified`, `application_id`, `assigned_by_id`, `assignee_id`, `marked_as_complete_by_id`, `question_id`) VALUES (723,'2016-05-26 11:15:44',NULL,'',26,49,49,NULL,156);
INSERT INTO `question_status` (`id`, `assigned_date`, `marked_as_complete`, `notified`, `application_id`, `assigned_by_id`, `assignee_id`, `marked_as_complete_by_id`, `question_id`) VALUES (724,NULL,'',NULL,26,NULL,NULL,49,157);
INSERT INTO `question_status` (`id`, `assigned_date`, `marked_as_complete`, `notified`, `application_id`, `assigned_by_id`, `assignee_id`, `marked_as_complete_by_id`, `question_id`) VALUES (725,'2016-05-26 11:15:44',NULL,'',26,49,49,NULL,157);
INSERT INTO `question_status` (`id`, `assigned_date`, `marked_as_complete`, `notified`, `application_id`, `assigned_by_id`, `assignee_id`, `marked_as_complete_by_id`, `question_id`) VALUES (726,NULL,'',NULL,26,NULL,NULL,49,158);
INSERT INTO `question_status` (`id`, `assigned_date`, `marked_as_complete`, `notified`, `application_id`, `assigned_by_id`, `assignee_id`, `marked_as_complete_by_id`, `question_id`) VALUES (727,'2016-05-26 11:15:44',NULL,'',26,49,49,NULL,158);
INSERT INTO `question_status` (`id`, `assigned_date`, `marked_as_complete`, `notified`, `application_id`, `assigned_by_id`, `assignee_id`, `marked_as_complete_by_id`, `question_id`) VALUES (728,NULL,'',NULL,26,NULL,NULL,49,159);
INSERT INTO `question_status` (`id`, `assigned_date`, `marked_as_complete`, `notified`, `application_id`, `assigned_by_id`, `assignee_id`, `marked_as_complete_by_id`, `question_id`) VALUES (729,'2016-05-26 11:15:44',NULL,'',26,49,49,NULL,159);
INSERT INTO `question_status` (`id`, `assigned_date`, `marked_as_complete`, `notified`, `application_id`, `assigned_by_id`, `assignee_id`, `marked_as_complete_by_id`, `question_id`) VALUES (730,NULL,'',NULL,27,NULL,NULL,50,143);
INSERT INTO `question_status` (`id`, `assigned_date`, `marked_as_complete`, `notified`, `application_id`, `assigned_by_id`, `assignee_id`, `marked_as_complete_by_id`, `question_id`) VALUES (731,NULL,'',NULL,27,NULL,NULL,50,144);
INSERT INTO `question_status` (`id`, `assigned_date`, `marked_as_complete`, `notified`, `application_id`, `assigned_by_id`, `assignee_id`, `marked_as_complete_by_id`, `question_id`) VALUES (732,NULL,'',NULL,27,NULL,NULL,50,145);
INSERT INTO `question_status` (`id`, `assigned_date`, `marked_as_complete`, `notified`, `application_id`, `assigned_by_id`, `assignee_id`, `marked_as_complete_by_id`, `question_id`) VALUES (733,NULL,'',NULL,27,NULL,NULL,50,146);
INSERT INTO `question_status` (`id`, `assigned_date`, `marked_as_complete`, `notified`, `application_id`, `assigned_by_id`, `assignee_id`, `marked_as_complete_by_id`, `question_id`) VALUES (734,NULL,'',NULL,27,NULL,NULL,50,147);
INSERT INTO `question_status` (`id`, `assigned_date`, `marked_as_complete`, `notified`, `application_id`, `assigned_by_id`, `assignee_id`, `marked_as_complete_by_id`, `question_id`) VALUES (735,NULL,'',NULL,27,NULL,NULL,50,160);
INSERT INTO `question_status` (`id`, `assigned_date`, `marked_as_complete`, `notified`, `application_id`, `assigned_by_id`, `assignee_id`, `marked_as_complete_by_id`, `question_id`) VALUES (736,'2016-05-26 11:20:23',NULL,'',27,50,50,NULL,160);
INSERT INTO `question_status` (`id`, `assigned_date`, `marked_as_complete`, `notified`, `application_id`, `assigned_by_id`, `assignee_id`, `marked_as_complete_by_id`, `question_id`) VALUES (737,NULL,'',NULL,27,NULL,NULL,50,161);
INSERT INTO `question_status` (`id`, `assigned_date`, `marked_as_complete`, `notified`, `application_id`, `assigned_by_id`, `assignee_id`, `marked_as_complete_by_id`, `question_id`) VALUES (738,'2016-05-26 11:20:23',NULL,'',27,50,50,NULL,161);
INSERT INTO `question_status` (`id`, `assigned_date`, `marked_as_complete`, `notified`, `application_id`, `assigned_by_id`, `assignee_id`, `marked_as_complete_by_id`, `question_id`) VALUES (739,NULL,'',NULL,27,NULL,NULL,50,162);
INSERT INTO `question_status` (`id`, `assigned_date`, `marked_as_complete`, `notified`, `application_id`, `assigned_by_id`, `assignee_id`, `marked_as_complete_by_id`, `question_id`) VALUES (740,'2016-05-26 11:20:23',NULL,'',27,50,50,NULL,162);
INSERT INTO `question_status` (`id`, `assigned_date`, `marked_as_complete`, `notified`, `application_id`, `assigned_by_id`, `assignee_id`, `marked_as_complete_by_id`, `question_id`) VALUES (741,NULL,'',NULL,27,NULL,NULL,50,164);
INSERT INTO `question_status` (`id`, `assigned_date`, `marked_as_complete`, `notified`, `application_id`, `assigned_by_id`, `assignee_id`, `marked_as_complete_by_id`, `question_id`) VALUES (742,'2016-05-26 11:20:23',NULL,'',27,50,50,NULL,164);
INSERT INTO `question_status` (`id`, `assigned_date`, `marked_as_complete`, `notified`, `application_id`, `assigned_by_id`, `assignee_id`, `marked_as_complete_by_id`, `question_id`) VALUES (743,NULL,'',NULL,27,NULL,NULL,50,165);
INSERT INTO `question_status` (`id`, `assigned_date`, `marked_as_complete`, `notified`, `application_id`, `assigned_by_id`, `assignee_id`, `marked_as_complete_by_id`, `question_id`) VALUES (744,'2016-05-26 11:20:23',NULL,'',27,50,50,NULL,165);
INSERT INTO `question_status` (`id`, `assigned_date`, `marked_as_complete`, `notified`, `application_id`, `assigned_by_id`, `assignee_id`, `marked_as_complete_by_id`, `question_id`) VALUES (745,NULL,'',NULL,27,NULL,NULL,50,167);
INSERT INTO `question_status` (`id`, `assigned_date`, `marked_as_complete`, `notified`, `application_id`, `assigned_by_id`, `assignee_id`, `marked_as_complete_by_id`, `question_id`) VALUES (746,'2016-05-26 11:20:23',NULL,'',27,50,50,NULL,167);
INSERT INTO `question_status` (`id`, `assigned_date`, `marked_as_complete`, `notified`, `application_id`, `assigned_by_id`, `assignee_id`, `marked_as_complete_by_id`, `question_id`) VALUES (747,NULL,'',NULL,27,NULL,NULL,50,148);
INSERT INTO `question_status` (`id`, `assigned_date`, `marked_as_complete`, `notified`, `application_id`, `assigned_by_id`, `assignee_id`, `marked_as_complete_by_id`, `question_id`) VALUES (748,'2016-05-26 11:20:23',NULL,'',27,50,50,NULL,148);
INSERT INTO `question_status` (`id`, `assigned_date`, `marked_as_complete`, `notified`, `application_id`, `assigned_by_id`, `assignee_id`, `marked_as_complete_by_id`, `question_id`) VALUES (749,NULL,'',NULL,27,NULL,NULL,50,149);
INSERT INTO `question_status` (`id`, `assigned_date`, `marked_as_complete`, `notified`, `application_id`, `assigned_by_id`, `assignee_id`, `marked_as_complete_by_id`, `question_id`) VALUES (750,'2016-05-26 11:20:23',NULL,'',27,50,50,NULL,149);
INSERT INTO `question_status` (`id`, `assigned_date`, `marked_as_complete`, `notified`, `application_id`, `assigned_by_id`, `assignee_id`, `marked_as_complete_by_id`, `question_id`) VALUES (751,NULL,'',NULL,27,NULL,NULL,50,150);
INSERT INTO `question_status` (`id`, `assigned_date`, `marked_as_complete`, `notified`, `application_id`, `assigned_by_id`, `assignee_id`, `marked_as_complete_by_id`, `question_id`) VALUES (752,'2016-05-26 11:20:23',NULL,'',27,50,50,NULL,150);
INSERT INTO `question_status` (`id`, `assigned_date`, `marked_as_complete`, `notified`, `application_id`, `assigned_by_id`, `assignee_id`, `marked_as_complete_by_id`, `question_id`) VALUES (753,NULL,'',NULL,27,NULL,NULL,50,151);
INSERT INTO `question_status` (`id`, `assigned_date`, `marked_as_complete`, `notified`, `application_id`, `assigned_by_id`, `assignee_id`, `marked_as_complete_by_id`, `question_id`) VALUES (754,'2016-05-26 11:20:23',NULL,'',27,50,50,NULL,151);
INSERT INTO `question_status` (`id`, `assigned_date`, `marked_as_complete`, `notified`, `application_id`, `assigned_by_id`, `assignee_id`, `marked_as_complete_by_id`, `question_id`) VALUES (755,NULL,'',NULL,27,NULL,NULL,50,152);
INSERT INTO `question_status` (`id`, `assigned_date`, `marked_as_complete`, `notified`, `application_id`, `assigned_by_id`, `assignee_id`, `marked_as_complete_by_id`, `question_id`) VALUES (756,'2016-05-26 11:20:23',NULL,'',27,50,50,NULL,152);
INSERT INTO `question_status` (`id`, `assigned_date`, `marked_as_complete`, `notified`, `application_id`, `assigned_by_id`, `assignee_id`, `marked_as_complete_by_id`, `question_id`) VALUES (757,NULL,'',NULL,27,NULL,NULL,50,153);
INSERT INTO `question_status` (`id`, `assigned_date`, `marked_as_complete`, `notified`, `application_id`, `assigned_by_id`, `assignee_id`, `marked_as_complete_by_id`, `question_id`) VALUES (758,'2016-05-26 11:20:23',NULL,'',27,50,50,NULL,153);
INSERT INTO `question_status` (`id`, `assigned_date`, `marked_as_complete`, `notified`, `application_id`, `assigned_by_id`, `assignee_id`, `marked_as_complete_by_id`, `question_id`) VALUES (759,NULL,'',NULL,27,NULL,NULL,50,154);
INSERT INTO `question_status` (`id`, `assigned_date`, `marked_as_complete`, `notified`, `application_id`, `assigned_by_id`, `assignee_id`, `marked_as_complete_by_id`, `question_id`) VALUES (760,'2016-05-26 11:20:23',NULL,'',27,50,50,NULL,154);
INSERT INTO `question_status` (`id`, `assigned_date`, `marked_as_complete`, `notified`, `application_id`, `assigned_by_id`, `assignee_id`, `marked_as_complete_by_id`, `question_id`) VALUES (761,NULL,'',NULL,27,NULL,NULL,50,155);
INSERT INTO `question_status` (`id`, `assigned_date`, `marked_as_complete`, `notified`, `application_id`, `assigned_by_id`, `assignee_id`, `marked_as_complete_by_id`, `question_id`) VALUES (762,'2016-05-26 11:20:23',NULL,'',27,50,50,NULL,155);
INSERT INTO `question_status` (`id`, `assigned_date`, `marked_as_complete`, `notified`, `application_id`, `assigned_by_id`, `assignee_id`, `marked_as_complete_by_id`, `question_id`) VALUES (763,NULL,'',NULL,27,NULL,NULL,50,156);
INSERT INTO `question_status` (`id`, `assigned_date`, `marked_as_complete`, `notified`, `application_id`, `assigned_by_id`, `assignee_id`, `marked_as_complete_by_id`, `question_id`) VALUES (764,'2016-05-26 11:20:23',NULL,'',27,50,50,NULL,156);
INSERT INTO `question_status` (`id`, `assigned_date`, `marked_as_complete`, `notified`, `application_id`, `assigned_by_id`, `assignee_id`, `marked_as_complete_by_id`, `question_id`) VALUES (765,NULL,'',NULL,27,NULL,NULL,50,157);
INSERT INTO `question_status` (`id`, `assigned_date`, `marked_as_complete`, `notified`, `application_id`, `assigned_by_id`, `assignee_id`, `marked_as_complete_by_id`, `question_id`) VALUES (766,'2016-05-26 11:20:23',NULL,'',27,50,50,NULL,157);
INSERT INTO `question_status` (`id`, `assigned_date`, `marked_as_complete`, `notified`, `application_id`, `assigned_by_id`, `assignee_id`, `marked_as_complete_by_id`, `question_id`) VALUES (767,NULL,'',NULL,27,NULL,NULL,50,158);
INSERT INTO `question_status` (`id`, `assigned_date`, `marked_as_complete`, `notified`, `application_id`, `assigned_by_id`, `assignee_id`, `marked_as_complete_by_id`, `question_id`) VALUES (768,'2016-05-26 11:20:23',NULL,'',27,50,50,NULL,158);
INSERT INTO `question_status` (`id`, `assigned_date`, `marked_as_complete`, `notified`, `application_id`, `assigned_by_id`, `assignee_id`, `marked_as_complete_by_id`, `question_id`) VALUES (769,NULL,'',NULL,27,NULL,NULL,50,159);
INSERT INTO `question_status` (`id`, `assigned_date`, `marked_as_complete`, `notified`, `application_id`, `assigned_by_id`, `assignee_id`, `marked_as_complete_by_id`, `question_id`) VALUES (770,'2016-05-26 11:20:23',NULL,'',27,50,50,NULL,159);
INSERT INTO `question_status` (`id`, `assigned_date`, `marked_as_complete`, `notified`, `application_id`, `assigned_by_id`, `assignee_id`, `marked_as_complete_by_id`, `question_id`) VALUES (771,NULL,'',NULL,28,NULL,NULL,52,143);
INSERT INTO `question_status` (`id`, `assigned_date`, `marked_as_complete`, `notified`, `application_id`, `assigned_by_id`, `assignee_id`, `marked_as_complete_by_id`, `question_id`) VALUES (772,NULL,'',NULL,28,NULL,NULL,52,144);
INSERT INTO `question_status` (`id`, `assigned_date`, `marked_as_complete`, `notified`, `application_id`, `assigned_by_id`, `assignee_id`, `marked_as_complete_by_id`, `question_id`) VALUES (773,NULL,'',NULL,28,NULL,NULL,52,145);
INSERT INTO `question_status` (`id`, `assigned_date`, `marked_as_complete`, `notified`, `application_id`, `assigned_by_id`, `assignee_id`, `marked_as_complete_by_id`, `question_id`) VALUES (774,NULL,'',NULL,28,NULL,NULL,52,146);
INSERT INTO `question_status` (`id`, `assigned_date`, `marked_as_complete`, `notified`, `application_id`, `assigned_by_id`, `assignee_id`, `marked_as_complete_by_id`, `question_id`) VALUES (775,NULL,'',NULL,28,NULL,NULL,52,147);
INSERT INTO `question_status` (`id`, `assigned_date`, `marked_as_complete`, `notified`, `application_id`, `assigned_by_id`, `assignee_id`, `marked_as_complete_by_id`, `question_id`) VALUES (776,NULL,'',NULL,28,NULL,NULL,52,160);
INSERT INTO `question_status` (`id`, `assigned_date`, `marked_as_complete`, `notified`, `application_id`, `assigned_by_id`, `assignee_id`, `marked_as_complete_by_id`, `question_id`) VALUES (777,'2016-05-26 12:57:28',NULL,'',28,56,52,NULL,160);
INSERT INTO `question_status` (`id`, `assigned_date`, `marked_as_complete`, `notified`, `application_id`, `assigned_by_id`, `assignee_id`, `marked_as_complete_by_id`, `question_id`) VALUES (778,NULL,'',NULL,28,NULL,NULL,52,161);
INSERT INTO `question_status` (`id`, `assigned_date`, `marked_as_complete`, `notified`, `application_id`, `assigned_by_id`, `assignee_id`, `marked_as_complete_by_id`, `question_id`) VALUES (779,'2016-05-26 12:57:28',NULL,'',28,56,52,NULL,161);
INSERT INTO `question_status` (`id`, `assigned_date`, `marked_as_complete`, `notified`, `application_id`, `assigned_by_id`, `assignee_id`, `marked_as_complete_by_id`, `question_id`) VALUES (780,NULL,'',NULL,28,NULL,NULL,52,162);
INSERT INTO `question_status` (`id`, `assigned_date`, `marked_as_complete`, `notified`, `application_id`, `assigned_by_id`, `assignee_id`, `marked_as_complete_by_id`, `question_id`) VALUES (781,'2016-05-26 12:57:28',NULL,'',28,56,52,NULL,162);
INSERT INTO `question_status` (`id`, `assigned_date`, `marked_as_complete`, `notified`, `application_id`, `assigned_by_id`, `assignee_id`, `marked_as_complete_by_id`, `question_id`) VALUES (782,NULL,'',NULL,28,NULL,NULL,52,164);
INSERT INTO `question_status` (`id`, `assigned_date`, `marked_as_complete`, `notified`, `application_id`, `assigned_by_id`, `assignee_id`, `marked_as_complete_by_id`, `question_id`) VALUES (783,'2016-05-26 12:57:28',NULL,'',28,56,52,NULL,164);
INSERT INTO `question_status` (`id`, `assigned_date`, `marked_as_complete`, `notified`, `application_id`, `assigned_by_id`, `assignee_id`, `marked_as_complete_by_id`, `question_id`) VALUES (784,NULL,'',NULL,28,NULL,NULL,52,165);
INSERT INTO `question_status` (`id`, `assigned_date`, `marked_as_complete`, `notified`, `application_id`, `assigned_by_id`, `assignee_id`, `marked_as_complete_by_id`, `question_id`) VALUES (785,'2016-05-26 12:57:28',NULL,'',28,56,52,NULL,165);
INSERT INTO `question_status` (`id`, `assigned_date`, `marked_as_complete`, `notified`, `application_id`, `assigned_by_id`, `assignee_id`, `marked_as_complete_by_id`, `question_id`) VALUES (786,NULL,'',NULL,28,NULL,NULL,52,167);
INSERT INTO `question_status` (`id`, `assigned_date`, `marked_as_complete`, `notified`, `application_id`, `assigned_by_id`, `assignee_id`, `marked_as_complete_by_id`, `question_id`) VALUES (787,'2016-05-26 12:57:28',NULL,'',28,56,52,NULL,167);
INSERT INTO `question_status` (`id`, `assigned_date`, `marked_as_complete`, `notified`, `application_id`, `assigned_by_id`, `assignee_id`, `marked_as_complete_by_id`, `question_id`) VALUES (788,NULL,'',NULL,28,NULL,NULL,52,148);
INSERT INTO `question_status` (`id`, `assigned_date`, `marked_as_complete`, `notified`, `application_id`, `assigned_by_id`, `assignee_id`, `marked_as_complete_by_id`, `question_id`) VALUES (789,'2016-05-26 12:57:28',NULL,'',28,56,52,NULL,148);
INSERT INTO `question_status` (`id`, `assigned_date`, `marked_as_complete`, `notified`, `application_id`, `assigned_by_id`, `assignee_id`, `marked_as_complete_by_id`, `question_id`) VALUES (790,NULL,'',NULL,28,NULL,NULL,52,149);
INSERT INTO `question_status` (`id`, `assigned_date`, `marked_as_complete`, `notified`, `application_id`, `assigned_by_id`, `assignee_id`, `marked_as_complete_by_id`, `question_id`) VALUES (791,'2016-05-26 12:57:28',NULL,'',28,56,52,NULL,149);
INSERT INTO `question_status` (`id`, `assigned_date`, `marked_as_complete`, `notified`, `application_id`, `assigned_by_id`, `assignee_id`, `marked_as_complete_by_id`, `question_id`) VALUES (792,NULL,'',NULL,28,NULL,NULL,52,150);
INSERT INTO `question_status` (`id`, `assigned_date`, `marked_as_complete`, `notified`, `application_id`, `assigned_by_id`, `assignee_id`, `marked_as_complete_by_id`, `question_id`) VALUES (793,'2016-05-26 12:57:28',NULL,'',28,56,52,NULL,150);
INSERT INTO `question_status` (`id`, `assigned_date`, `marked_as_complete`, `notified`, `application_id`, `assigned_by_id`, `assignee_id`, `marked_as_complete_by_id`, `question_id`) VALUES (794,NULL,'',NULL,28,NULL,NULL,52,151);
INSERT INTO `question_status` (`id`, `assigned_date`, `marked_as_complete`, `notified`, `application_id`, `assigned_by_id`, `assignee_id`, `marked_as_complete_by_id`, `question_id`) VALUES (795,'2016-05-26 12:57:28',NULL,'',28,56,52,NULL,151);
INSERT INTO `question_status` (`id`, `assigned_date`, `marked_as_complete`, `notified`, `application_id`, `assigned_by_id`, `assignee_id`, `marked_as_complete_by_id`, `question_id`) VALUES (796,NULL,'',NULL,28,NULL,NULL,52,152);
INSERT INTO `question_status` (`id`, `assigned_date`, `marked_as_complete`, `notified`, `application_id`, `assigned_by_id`, `assignee_id`, `marked_as_complete_by_id`, `question_id`) VALUES (797,'2016-05-26 12:57:28',NULL,'',28,56,52,NULL,152);
INSERT INTO `question_status` (`id`, `assigned_date`, `marked_as_complete`, `notified`, `application_id`, `assigned_by_id`, `assignee_id`, `marked_as_complete_by_id`, `question_id`) VALUES (798,NULL,'',NULL,28,NULL,NULL,52,153);
INSERT INTO `question_status` (`id`, `assigned_date`, `marked_as_complete`, `notified`, `application_id`, `assigned_by_id`, `assignee_id`, `marked_as_complete_by_id`, `question_id`) VALUES (799,'2016-05-26 12:57:28',NULL,'',28,56,52,NULL,153);
INSERT INTO `question_status` (`id`, `assigned_date`, `marked_as_complete`, `notified`, `application_id`, `assigned_by_id`, `assignee_id`, `marked_as_complete_by_id`, `question_id`) VALUES (800,NULL,'',NULL,28,NULL,NULL,52,154);
INSERT INTO `question_status` (`id`, `assigned_date`, `marked_as_complete`, `notified`, `application_id`, `assigned_by_id`, `assignee_id`, `marked_as_complete_by_id`, `question_id`) VALUES (801,'2016-05-26 12:57:28',NULL,'',28,56,52,NULL,154);
INSERT INTO `question_status` (`id`, `assigned_date`, `marked_as_complete`, `notified`, `application_id`, `assigned_by_id`, `assignee_id`, `marked_as_complete_by_id`, `question_id`) VALUES (802,NULL,'',NULL,28,NULL,NULL,52,155);
INSERT INTO `question_status` (`id`, `assigned_date`, `marked_as_complete`, `notified`, `application_id`, `assigned_by_id`, `assignee_id`, `marked_as_complete_by_id`, `question_id`) VALUES (803,'2016-05-26 12:57:28',NULL,'',28,56,52,NULL,155);
INSERT INTO `question_status` (`id`, `assigned_date`, `marked_as_complete`, `notified`, `application_id`, `assigned_by_id`, `assignee_id`, `marked_as_complete_by_id`, `question_id`) VALUES (804,NULL,'',NULL,28,NULL,NULL,52,156);
INSERT INTO `question_status` (`id`, `assigned_date`, `marked_as_complete`, `notified`, `application_id`, `assigned_by_id`, `assignee_id`, `marked_as_complete_by_id`, `question_id`) VALUES (805,'2016-05-26 12:57:28',NULL,'',28,56,52,NULL,156);
INSERT INTO `question_status` (`id`, `assigned_date`, `marked_as_complete`, `notified`, `application_id`, `assigned_by_id`, `assignee_id`, `marked_as_complete_by_id`, `question_id`) VALUES (806,NULL,'',NULL,28,NULL,NULL,52,157);
INSERT INTO `question_status` (`id`, `assigned_date`, `marked_as_complete`, `notified`, `application_id`, `assigned_by_id`, `assignee_id`, `marked_as_complete_by_id`, `question_id`) VALUES (807,'2016-05-26 12:57:28',NULL,'',28,56,52,NULL,157);
INSERT INTO `question_status` (`id`, `assigned_date`, `marked_as_complete`, `notified`, `application_id`, `assigned_by_id`, `assignee_id`, `marked_as_complete_by_id`, `question_id`) VALUES (808,NULL,'',NULL,28,NULL,NULL,52,158);
INSERT INTO `question_status` (`id`, `assigned_date`, `marked_as_complete`, `notified`, `application_id`, `assigned_by_id`, `assignee_id`, `marked_as_complete_by_id`, `question_id`) VALUES (809,'2016-05-26 12:57:28',NULL,'',28,56,52,NULL,158);
INSERT INTO `question_status` (`id`, `assigned_date`, `marked_as_complete`, `notified`, `application_id`, `assigned_by_id`, `assignee_id`, `marked_as_complete_by_id`, `question_id`) VALUES (810,NULL,'',NULL,28,NULL,NULL,52,159);
INSERT INTO `question_status` (`id`, `assigned_date`, `marked_as_complete`, `notified`, `application_id`, `assigned_by_id`, `assignee_id`, `marked_as_complete_by_id`, `question_id`) VALUES (811,'2016-05-26 12:57:28',NULL,'',28,56,52,NULL,159);
INSERT INTO `question_status` (`id`, `assigned_date`, `marked_as_complete`, `notified`, `application_id`, `assigned_by_id`, `assignee_id`, `marked_as_complete_by_id`, `question_id`) VALUES (812,NULL,'',NULL,28,NULL,NULL,54,160);
INSERT INTO `question_status` (`id`, `assigned_date`, `marked_as_complete`, `notified`, `application_id`, `assigned_by_id`, `assignee_id`, `marked_as_complete_by_id`, `question_id`) VALUES (813,NULL,'',NULL,28,NULL,NULL,54,161);
INSERT INTO `question_status` (`id`, `assigned_date`, `marked_as_complete`, `notified`, `application_id`, `assigned_by_id`, `assignee_id`, `marked_as_complete_by_id`, `question_id`) VALUES (814,NULL,'',NULL,28,NULL,NULL,54,162);
INSERT INTO `question_status` (`id`, `assigned_date`, `marked_as_complete`, `notified`, `application_id`, `assigned_by_id`, `assignee_id`, `marked_as_complete_by_id`, `question_id`) VALUES (815,NULL,'',NULL,28,NULL,NULL,54,164);
INSERT INTO `question_status` (`id`, `assigned_date`, `marked_as_complete`, `notified`, `application_id`, `assigned_by_id`, `assignee_id`, `marked_as_complete_by_id`, `question_id`) VALUES (816,NULL,'',NULL,28,NULL,NULL,54,165);
INSERT INTO `question_status` (`id`, `assigned_date`, `marked_as_complete`, `notified`, `application_id`, `assigned_by_id`, `assignee_id`, `marked_as_complete_by_id`, `question_id`) VALUES (817,NULL,'',NULL,28,NULL,NULL,54,167);
INSERT INTO `question_status` (`id`, `assigned_date`, `marked_as_complete`, `notified`, `application_id`, `assigned_by_id`, `assignee_id`, `marked_as_complete_by_id`, `question_id`) VALUES (818,NULL,'',NULL,28,NULL,NULL,54,148);
INSERT INTO `question_status` (`id`, `assigned_date`, `marked_as_complete`, `notified`, `application_id`, `assigned_by_id`, `assignee_id`, `marked_as_complete_by_id`, `question_id`) VALUES (819,NULL,'',NULL,28,NULL,NULL,54,149);
INSERT INTO `question_status` (`id`, `assigned_date`, `marked_as_complete`, `notified`, `application_id`, `assigned_by_id`, `assignee_id`, `marked_as_complete_by_id`, `question_id`) VALUES (820,NULL,'',NULL,28,NULL,NULL,54,150);
INSERT INTO `question_status` (`id`, `assigned_date`, `marked_as_complete`, `notified`, `application_id`, `assigned_by_id`, `assignee_id`, `marked_as_complete_by_id`, `question_id`) VALUES (821,NULL,'',NULL,28,NULL,NULL,54,151);
INSERT INTO `question_status` (`id`, `assigned_date`, `marked_as_complete`, `notified`, `application_id`, `assigned_by_id`, `assignee_id`, `marked_as_complete_by_id`, `question_id`) VALUES (822,NULL,'',NULL,28,NULL,NULL,54,152);
INSERT INTO `question_status` (`id`, `assigned_date`, `marked_as_complete`, `notified`, `application_id`, `assigned_by_id`, `assignee_id`, `marked_as_complete_by_id`, `question_id`) VALUES (823,NULL,'',NULL,28,NULL,NULL,54,153);
INSERT INTO `question_status` (`id`, `assigned_date`, `marked_as_complete`, `notified`, `application_id`, `assigned_by_id`, `assignee_id`, `marked_as_complete_by_id`, `question_id`) VALUES (824,NULL,'',NULL,28,NULL,NULL,54,154);
INSERT INTO `question_status` (`id`, `assigned_date`, `marked_as_complete`, `notified`, `application_id`, `assigned_by_id`, `assignee_id`, `marked_as_complete_by_id`, `question_id`) VALUES (825,NULL,'',NULL,28,NULL,NULL,54,155);
INSERT INTO `question_status` (`id`, `assigned_date`, `marked_as_complete`, `notified`, `application_id`, `assigned_by_id`, `assignee_id`, `marked_as_complete_by_id`, `question_id`) VALUES (826,NULL,'',NULL,28,NULL,NULL,54,156);
INSERT INTO `question_status` (`id`, `assigned_date`, `marked_as_complete`, `notified`, `application_id`, `assigned_by_id`, `assignee_id`, `marked_as_complete_by_id`, `question_id`) VALUES (827,NULL,'',NULL,28,NULL,NULL,54,157);
INSERT INTO `question_status` (`id`, `assigned_date`, `marked_as_complete`, `notified`, `application_id`, `assigned_by_id`, `assignee_id`, `marked_as_complete_by_id`, `question_id`) VALUES (828,NULL,'',NULL,28,NULL,NULL,54,158);
INSERT INTO `question_status` (`id`, `assigned_date`, `marked_as_complete`, `notified`, `application_id`, `assigned_by_id`, `assignee_id`, `marked_as_complete_by_id`, `question_id`) VALUES (829,NULL,'',NULL,28,NULL,NULL,54,159);
INSERT INTO `question_status` (`id`, `assigned_date`, `marked_as_complete`, `notified`, `application_id`, `assigned_by_id`, `assignee_id`, `marked_as_complete_by_id`, `question_id`) VALUES (830,NULL,'',NULL,28,NULL,NULL,56,160);
INSERT INTO `question_status` (`id`, `assigned_date`, `marked_as_complete`, `notified`, `application_id`, `assigned_by_id`, `assignee_id`, `marked_as_complete_by_id`, `question_id`) VALUES (831,NULL,'',NULL,28,NULL,NULL,56,161);
INSERT INTO `question_status` (`id`, `assigned_date`, `marked_as_complete`, `notified`, `application_id`, `assigned_by_id`, `assignee_id`, `marked_as_complete_by_id`, `question_id`) VALUES (832,NULL,'',NULL,28,NULL,NULL,56,162);
INSERT INTO `question_status` (`id`, `assigned_date`, `marked_as_complete`, `notified`, `application_id`, `assigned_by_id`, `assignee_id`, `marked_as_complete_by_id`, `question_id`) VALUES (833,NULL,'',NULL,28,NULL,NULL,56,164);
INSERT INTO `question_status` (`id`, `assigned_date`, `marked_as_complete`, `notified`, `application_id`, `assigned_by_id`, `assignee_id`, `marked_as_complete_by_id`, `question_id`) VALUES (834,NULL,'',NULL,28,NULL,NULL,56,165);
INSERT INTO `question_status` (`id`, `assigned_date`, `marked_as_complete`, `notified`, `application_id`, `assigned_by_id`, `assignee_id`, `marked_as_complete_by_id`, `question_id`) VALUES (835,NULL,'',NULL,28,NULL,NULL,56,167);
INSERT INTO `question_status` (`id`, `assigned_date`, `marked_as_complete`, `notified`, `application_id`, `assigned_by_id`, `assignee_id`, `marked_as_complete_by_id`, `question_id`) VALUES (836,NULL,'',NULL,28,NULL,NULL,56,148);
INSERT INTO `question_status` (`id`, `assigned_date`, `marked_as_complete`, `notified`, `application_id`, `assigned_by_id`, `assignee_id`, `marked_as_complete_by_id`, `question_id`) VALUES (837,NULL,'',NULL,28,NULL,NULL,56,149);
INSERT INTO `question_status` (`id`, `assigned_date`, `marked_as_complete`, `notified`, `application_id`, `assigned_by_id`, `assignee_id`, `marked_as_complete_by_id`, `question_id`) VALUES (838,NULL,'',NULL,28,NULL,NULL,56,150);
INSERT INTO `question_status` (`id`, `assigned_date`, `marked_as_complete`, `notified`, `application_id`, `assigned_by_id`, `assignee_id`, `marked_as_complete_by_id`, `question_id`) VALUES (839,NULL,'',NULL,28,NULL,NULL,56,151);
INSERT INTO `question_status` (`id`, `assigned_date`, `marked_as_complete`, `notified`, `application_id`, `assigned_by_id`, `assignee_id`, `marked_as_complete_by_id`, `question_id`) VALUES (840,NULL,'',NULL,28,NULL,NULL,56,152);
INSERT INTO `question_status` (`id`, `assigned_date`, `marked_as_complete`, `notified`, `application_id`, `assigned_by_id`, `assignee_id`, `marked_as_complete_by_id`, `question_id`) VALUES (841,NULL,'',NULL,28,NULL,NULL,56,153);
INSERT INTO `question_status` (`id`, `assigned_date`, `marked_as_complete`, `notified`, `application_id`, `assigned_by_id`, `assignee_id`, `marked_as_complete_by_id`, `question_id`) VALUES (842,NULL,'',NULL,28,NULL,NULL,56,154);
INSERT INTO `question_status` (`id`, `assigned_date`, `marked_as_complete`, `notified`, `application_id`, `assigned_by_id`, `assignee_id`, `marked_as_complete_by_id`, `question_id`) VALUES (843,NULL,'',NULL,28,NULL,NULL,56,155);
INSERT INTO `question_status` (`id`, `assigned_date`, `marked_as_complete`, `notified`, `application_id`, `assigned_by_id`, `assignee_id`, `marked_as_complete_by_id`, `question_id`) VALUES (844,NULL,'',NULL,28,NULL,NULL,56,156);
INSERT INTO `question_status` (`id`, `assigned_date`, `marked_as_complete`, `notified`, `application_id`, `assigned_by_id`, `assignee_id`, `marked_as_complete_by_id`, `question_id`) VALUES (845,NULL,'',NULL,28,NULL,NULL,56,157);
INSERT INTO `question_status` (`id`, `assigned_date`, `marked_as_complete`, `notified`, `application_id`, `assigned_by_id`, `assignee_id`, `marked_as_complete_by_id`, `question_id`) VALUES (846,NULL,'',NULL,28,NULL,NULL,56,158);
INSERT INTO `question_status` (`id`, `assigned_date`, `marked_as_complete`, `notified`, `application_id`, `assigned_by_id`, `assignee_id`, `marked_as_complete_by_id`, `question_id`) VALUES (847,NULL,'',NULL,28,NULL,NULL,56,159);


INSERT INTO `user_organisation` (`user_id`, `organisation_id`) VALUES (38,29);
INSERT INTO `user_organisation` (`user_id`, `organisation_id`) VALUES (39,30);
INSERT INTO `user_organisation` (`user_id`, `organisation_id`) VALUES (40,31);
INSERT INTO `user_organisation` (`user_id`, `organisation_id`) VALUES (41,32);
INSERT INTO `user_organisation` (`user_id`, `organisation_id`) VALUES (42,32);
INSERT INTO `user_organisation` (`user_id`, `organisation_id`) VALUES (43,33);
INSERT INTO `user_organisation` (`user_id`, `organisation_id`) VALUES (44,33);
INSERT INTO `user_organisation` (`user_id`, `organisation_id`) VALUES (45,34);
INSERT INTO `user_organisation` (`user_id`, `organisation_id`) VALUES (46,34);
INSERT INTO `user_organisation` (`user_id`, `organisation_id`) VALUES (47,35);
INSERT INTO `user_organisation` (`user_id`, `organisation_id`) VALUES (48,35);


INSERT INTO `user_role` (`user_id`, `role_id`) VALUES (38,4);
INSERT INTO `user_role` (`user_id`, `role_id`) VALUES (39,4);
INSERT INTO `user_role` (`user_id`, `role_id`) VALUES (40,4);
INSERT INTO `user_role` (`user_id`, `role_id`) VALUES (41,4);
INSERT INTO `user_role` (`user_id`, `role_id`) VALUES (42,4);
INSERT INTO `user_role` (`user_id`, `role_id`) VALUES (43,4);
INSERT INTO `user_role` (`user_id`, `role_id`) VALUES (44,4);
INSERT INTO `user_role` (`user_id`, `role_id`) VALUES (45,4);
INSERT INTO `user_role` (`user_id`, `role_id`) VALUES (46,4);
INSERT INTO `user_role` (`user_id`, `role_id`) VALUES (47,4);
INSERT INTO `user_role` (`user_id`, `role_id`) VALUES (48,4);


INSERT INTO `invite_organisation` (`id`, `organisation_name`, `organisation_id`) VALUES (6,NULL,32);
INSERT INTO `invite_organisation` (`id`, `organisation_name`, `organisation_id`) VALUES (7,NULL,33);
INSERT INTO `invite_organisation` (`id`, `organisation_name`, `organisation_id`) VALUES (8,'new org1',34);
INSERT INTO `invite_organisation` (`id`, `organisation_name`, `organisation_id`) VALUES (9,'new org2',35);


INSERT INTO `invite` (`id`, `email`, `hash`, `name`, `status`, `application_id`, `invite_organisation_id`) VALUES (7,'test22@test.test','3db4c050f1f8d21afaaddeee4df0249a00b8de629fae84a859e419514eaf4cc946b7b9056d140e11','test twentytwo','ACCEPTED',27,6);
INSERT INTO `invite` (`id`, `email`, `hash`, `name`, `status`, `application_id`, `invite_organisation_id`) VALUES (8,'test24@test.test','6df3e4a11142b208a8aabef3dd51f5f7f17ce4dfda6585cc49e774bf694e804b503651aba0488122','test twentyfour','ACCEPTED',28,7);
INSERT INTO `invite` (`id`, `email`, `hash`, `name`, `status`, `application_id`, `invite_organisation_id`) VALUES (9,'test25@test.test','8ddd1da9b4138042a21d4333108aa97f0cb5dc7114105544abfb6b7afb341d3076865f876c2bbb94','test twentyfive','ACCEPTED',28,8);
INSERT INTO `invite` (`id`, `email`, `hash`, `name`, `status`, `application_id`, `invite_organisation_id`) VALUES (10,'test26@test.test','f1080e5c10e043fcbe23cb496c35d4fe3134ced8b0dfa18c7d2d35d4a54aa7034dd0b4a70a11a785','test twentysix','ACCEPTED',28,8);
INSERT INTO `invite` (`id`, `email`, `hash`, `name`, `status`, `application_id`, `invite_organisation_id`) VALUES (11,'test27@test.test','a23c8992b383a9d6aff32c89eb104fdd38fe868b01962dc7996d73ddddc225b33ab6f55b0b061702','test twentyseven','ACCEPTED',28,9);
INSERT INTO `invite` (`id`, `email`, `hash`, `name`, `status`, `application_id`, `invite_organisation_id`) VALUES (12,'test28@test.test','7cb0c4ded5ea9ab2ff5da711ee383aacf2d90168a66df4d7fafedec3c847e6ba228deb249dd94a06','test twentyeight','ACCEPTED',28,9);




