

INSERT INTO `address` (`id`, `address_line1`, `address_line2`, `address_line3`, `town`, `postcode`, `county`) VALUES (4,'1','Juggle Street','','Bath','BA1 5LR','Bath');
INSERT INTO `address` (`id`, `address_line1`, `address_line2`, `address_line3`, `town`, `postcode`, `county`) VALUES (5,'2','Juggle Road','','Bristol','BS1 5LR','Bristol');
INSERT INTO `address` (`id`, `address_line1`, `address_line2`, `address_line3`, `town`, `postcode`, `county`) VALUES (6,'3','Juggle Avenue','','Cardiff','CF1 5LR','Cardiff');
INSERT INTO `address` (`id`, `address_line1`, `address_line2`, `address_line3`, `town`, `postcode`, `county`) VALUES (7,'4','Juggle Crescent','','Norwich','NW1 5LR','Norwich');
INSERT INTO `address` (`id`, `address_line1`, `address_line2`, `address_line3`, `town`, `postcode`, `county`) VALUES (8,'5','Juggle Way','','London','E1 5LR','London');
INSERT INTO `address` (`id`, `address_line1`, `address_line2`, `address_line3`, `town`, `postcode`, `county`) VALUES (9,'6','Juggle Close','','Sheffield','LS1 5LR','Sheffield');
INSERT INTO `address` (`id`, `address_line1`, `address_line2`, `address_line3`, `town`, `postcode`, `county`) VALUES (10,'7','Juggle Grove','','Leeds','LS2 5LR','Leeds');
INSERT INTO `address` (`id`, `address_line1`, `address_line2`, `address_line3`, `town`, `postcode`, `county`) VALUES (11,'Claverton Down Road','','','Bath','BA2 7AY','Somerset');
INSERT INTO `address` (`id`, `address_line1`, `address_line2`, `address_line3`, `town`, `postcode`, `county`) VALUES (12,'Cardiff University','','','Cardiff','CF10 3XQ','South Glamorgan');


INSERT INTO `application` (`id`, `duration_in_months`, `name`, `start_date`, `application_status_id`, `competition`, `submitted_date`) VALUES (8,3,'Juggling is fun','2016-04-25',2,2,'2016-04-25 13:03:08');
INSERT INTO `application` (`id`, `duration_in_months`, `name`, `start_date`, `application_status_id`, `competition`, `submitted_date`) VALUES (9,3,'Juggling is very fun','2016-04-25',3,2,'2016-04-25 13:05:57');
INSERT INTO `application` (`id`, `duration_in_months`, `name`, `start_date`, `application_status_id`, `competition`, `submitted_date`) VALUES (10,3,'Juggling is not fun','2016-04-25',4,2,'2016-04-25 13:08:51');
INSERT INTO `application` (`id`, `duration_in_months`, `name`, `start_date`, `application_status_id`, `competition`, `submitted_date`) VALUES (11,3,'Juggling is cool','2016-04-25',1,2,NULL);
INSERT INTO `application` (`id`, `duration_in_months`, `name`, `start_date`, `application_status_id`, `competition`, `submitted_date`) VALUES (12,3,'Everything I know about life I learned from juggling','2016-04-25',5,2,NULL);
INSERT INTO `application` (`id`, `duration_in_months`, `name`, `start_date`, `application_status_id`, `competition`, `submitted_date`) VALUES (13,3,'Better living through juggling','2016-04-25',5,2,NULL);
INSERT INTO `application` (`id`, `duration_in_months`, `name`, `start_date`, `application_status_id`, `competition`, `submitted_date`) VALUES (14,3,'Juggling is word that sounds funny to say','2016-04-25',2,2,'2016-04-25 15:08:24');
INSERT INTO `application` (`id`, `duration_in_months`, `name`, `start_date`, `application_status_id`, `competition`, `submitted_date`) VALUES (15,3,'Spherical interactions in hyperdimensional space','2016-04-25',5,2,NULL);


INSERT INTO `organisation` (`id`, `name`, `company_house_number`, `organisation_size`, `organisation_type_id`) VALUES (12,'The Best Juggling Company','06477798',NULL,1);
INSERT INTO `organisation` (`id`, `name`, `company_house_number`, `organisation_size`, `organisation_type_id`) VALUES (13,'Juggle Ltd','06477798',NULL,1);
INSERT INTO `organisation` (`id`, `name`, `company_house_number`, `organisation_size`, `organisation_type_id`) VALUES (14,'Jugglez Ltd','06477798',NULL,1);
INSERT INTO `organisation` (`id`, `name`, `company_house_number`, `organisation_size`, `organisation_type_id`) VALUES (15,'Juggling Balls Ltd','06477798',NULL,1);
INSERT INTO `organisation` (`id`, `name`, `company_house_number`, `organisation_size`, `organisation_type_id`) VALUES (16,'Infinite Juggling Ltd','06477798',NULL,1);
INSERT INTO `organisation` (`id`, `name`, `company_house_number`, `organisation_size`, `organisation_type_id`) VALUES (17,'Everyday Im Juggling Ltd','06477798',NULL,1);
INSERT INTO `organisation` (`id`, `name`, `company_house_number`, `organisation_size`, `organisation_type_id`) VALUES (18,'Mo Juggling Mo Problems Ltd','06477798',NULL,1);
INSERT INTO `organisation` (`id`, `name`, `company_house_number`, `organisation_size`, `organisation_type_id`) VALUES (19,'University of Bath',NULL,NULL,5);
INSERT INTO `organisation` (`id`, `name`, `company_house_number`, `organisation_size`, `organisation_type_id`) VALUES (20,'Cardiff University',NULL,NULL,5);


INSERT INTO `application_finance` (`id`, `application_id`, `organisation_id`, `organisation_size`, `finance_file_entry_id`) VALUES (12,8,12,'SMALL',NULL);
INSERT INTO `application_finance` (`id`, `application_id`, `organisation_id`, `organisation_size`, `finance_file_entry_id`) VALUES (13,9,13,'SMALL',NULL);
INSERT INTO `application_finance` (`id`, `application_id`, `organisation_id`, `organisation_size`, `finance_file_entry_id`) VALUES (14,10,14,'SMALL',NULL);
INSERT INTO `application_finance` (`id`, `application_id`, `organisation_id`, `organisation_size`, `finance_file_entry_id`) VALUES (15,12,16,NULL,NULL);
INSERT INTO `application_finance` (`id`, `application_id`, `organisation_id`, `organisation_size`, `finance_file_entry_id`) VALUES (16,13,17,'MEDIUM',NULL);
INSERT INTO `application_finance` (`id`, `application_id`, `organisation_id`, `organisation_size`, `finance_file_entry_id`) VALUES (17,14,18,'LARGE',NULL);
INSERT INTO `application_finance` (`id`, `application_id`, `organisation_id`, `organisation_size`, `finance_file_entry_id`) VALUES (18,14,19,NULL,6);
INSERT INTO `application_finance` (`id`, `application_id`, `organisation_id`, `organisation_size`, `finance_file_entry_id`) VALUES (19,14,20,NULL,7);
INSERT INTO `application_finance` (`id`, `application_id`, `organisation_id`, `organisation_size`, `finance_file_entry_id`) VALUES (20,15,3,NULL,NULL);


INSERT INTO `cost` (`id`, `cost`, `description`, `item`, `quantity`, `name`, `application_finance_id`, `question_id`) VALUES (155,NULL,'Working days per year','Working days per year',250,'working-days-per-year',12,28);
INSERT INTO `cost` (`id`, `cost`, `description`, `item`, `quantity`, `name`, `application_finance_id`, `question_id`) VALUES (156,NULL,'','DEFAULT_PERCENTAGE',20,'overhead',12,29);
INSERT INTO `cost` (`id`, `cost`, `description`, `item`, `quantity`, `name`, `application_finance_id`, `question_id`) VALUES (157,0,'Grant Claim','',60,'grant-claim',12,38);
INSERT INTO `cost` (`id`, `cost`, `description`, `item`, `quantity`, `name`, `application_finance_id`, `question_id`) VALUES (158,0,'Other Funding','No',0,'other-funding',12,35);
INSERT INTO `cost` (`id`, `cost`, `description`, `item`, `quantity`, `name`, `application_finance_id`, `question_id`) VALUES (159,20000,'','worker',80,'',12,55);
INSERT INTO `cost` (`id`, `cost`, `description`, `item`, `quantity`, `name`, `application_finance_id`, `question_id`) VALUES (160,NULL,'Working days per year','Working days per year',250,'working-days-per-year',13,28);
INSERT INTO `cost` (`id`, `cost`, `description`, `item`, `quantity`, `name`, `application_finance_id`, `question_id`) VALUES (161,NULL,'','NONE',0,'overhead',13,29);
INSERT INTO `cost` (`id`, `cost`, `description`, `item`, `quantity`, `name`, `application_finance_id`, `question_id`) VALUES (162,0,'Grant Claim','',70,'grant-claim',13,38);
INSERT INTO `cost` (`id`, `cost`, `description`, `item`, `quantity`, `name`, `application_finance_id`, `question_id`) VALUES (163,0,'Other Funding','No',0,'other-funding',13,35);
INSERT INTO `cost` (`id`, `cost`, `description`, `item`, `quantity`, `name`, `application_finance_id`, `question_id`) VALUES (164,38000,'','worker',20,'',13,55);
INSERT INTO `cost` (`id`, `cost`, `description`, `item`, `quantity`, `name`, `application_finance_id`, `question_id`) VALUES (165,NULL,'Working days per year','Working days per year',250,'working-days-per-year',14,28);
INSERT INTO `cost` (`id`, `cost`, `description`, `item`, `quantity`, `name`, `application_finance_id`, `question_id`) VALUES (166,NULL,'','NONE',0,'overhead',14,29);
INSERT INTO `cost` (`id`, `cost`, `description`, `item`, `quantity`, `name`, `application_finance_id`, `question_id`) VALUES (167,0,'Grant Claim','',70,'grant-claim',14,38);
INSERT INTO `cost` (`id`, `cost`, `description`, `item`, `quantity`, `name`, `application_finance_id`, `question_id`) VALUES (168,0,'Other Funding','No',0,'other-funding',14,35);
INSERT INTO `cost` (`id`, `cost`, `description`, `item`, `quantity`, `name`, `application_finance_id`, `question_id`) VALUES (169,80000,'','worker',200,'',14,55);
INSERT INTO `cost` (`id`, `cost`, `description`, `item`, `quantity`, `name`, `application_finance_id`, `question_id`) VALUES (170,NULL,'Working days per year','Working days per year',NULL,'working-days-per-year',15,28);
INSERT INTO `cost` (`id`, `cost`, `description`, `item`, `quantity`, `name`, `application_finance_id`, `question_id`) VALUES (171,NULL,'Accept Rate','NONE',NULL,'overhead',15,29);
INSERT INTO `cost` (`id`, `cost`, `description`, `item`, `quantity`, `name`, `application_finance_id`, `question_id`) VALUES (172,0,'Grant Claim','',NULL,'grant-claim',15,38);
INSERT INTO `cost` (`id`, `cost`, `description`, `item`, `quantity`, `name`, `application_finance_id`, `question_id`) VALUES (173,0,'Other Funding','',0,'other-funding',15,35);
INSERT INTO `cost` (`id`, `cost`, `description`, `item`, `quantity`, `name`, `application_finance_id`, `question_id`) VALUES (174,NULL,'Working days per year','Working days per year',250,'working-days-per-year',16,28);
INSERT INTO `cost` (`id`, `cost`, `description`, `item`, `quantity`, `name`, `application_finance_id`, `question_id`) VALUES (175,NULL,'','NONE',0,'overhead',16,29);
INSERT INTO `cost` (`id`, `cost`, `description`, `item`, `quantity`, `name`, `application_finance_id`, `question_id`) VALUES (176,0,'Grant Claim','',60,'grant-claim',16,38);
INSERT INTO `cost` (`id`, `cost`, `description`, `item`, `quantity`, `name`, `application_finance_id`, `question_id`) VALUES (177,0,'Other Funding','No',0,'other-funding',16,35);
INSERT INTO `cost` (`id`, `cost`, `description`, `item`, `quantity`, `name`, `application_finance_id`, `question_id`) VALUES (178,40000,'','worker',20,'',16,55);
INSERT INTO `cost` (`id`, `cost`, `description`, `item`, `quantity`, `name`, `application_finance_id`, `question_id`) VALUES (179,NULL,'Working days per year','Working days per year',250,'working-days-per-year',17,28);
INSERT INTO `cost` (`id`, `cost`, `description`, `item`, `quantity`, `name`, `application_finance_id`, `question_id`) VALUES (180,NULL,'','NONE',0,'overhead',17,29);
INSERT INTO `cost` (`id`, `cost`, `description`, `item`, `quantity`, `name`, `application_finance_id`, `question_id`) VALUES (181,0,'Grant Claim','',12,'grant-claim',17,38);
INSERT INTO `cost` (`id`, `cost`, `description`, `item`, `quantity`, `name`, `application_finance_id`, `question_id`) VALUES (182,0,'Other Funding','No',0,'other-funding',17,35);
INSERT INTO `cost` (`id`, `cost`, `description`, `item`, `quantity`, `name`, `application_finance_id`, `question_id`) VALUES (183,16000,'','worker',12,'',17,55);
INSERT INTO `cost` (`id`, `cost`, `description`, `item`, `quantity`, `name`, `application_finance_id`, `question_id`) VALUES (184,100,NULL,NULL,NULL,'incurred_staff',18,28);
INSERT INTO `cost` (`id`, `cost`, `description`, `item`, `quantity`, `name`, `application_finance_id`, `question_id`) VALUES (185,50,NULL,NULL,NULL,'incurred_travel_subsistence',18,33);
INSERT INTO `cost` (`id`, `cost`, `description`, `item`, `quantity`, `name`, `application_finance_id`, `question_id`) VALUES (186,NULL,NULL,'',NULL,'tsb_reference',18,20);
INSERT INTO `cost` (`id`, `cost`, `description`, `item`, `quantity`, `name`, `application_finance_id`, `question_id`) VALUES (187,0,NULL,NULL,NULL,'incurred_other_costs',18,30);
INSERT INTO `cost` (`id`, `cost`, `description`, `item`, `quantity`, `name`, `application_finance_id`, `question_id`) VALUES (188,0,NULL,NULL,NULL,'allocated_investigators',18,28);
INSERT INTO `cost` (`id`, `cost`, `description`, `item`, `quantity`, `name`, `application_finance_id`, `question_id`) VALUES (189,0,NULL,NULL,NULL,'allocated_estates_costs',18,34);
INSERT INTO `cost` (`id`, `cost`, `description`, `item`, `quantity`, `name`, `application_finance_id`, `question_id`) VALUES (190,0,NULL,NULL,NULL,'allocated_other_costs',18,34);
INSERT INTO `cost` (`id`, `cost`, `description`, `item`, `quantity`, `name`, `application_finance_id`, `question_id`) VALUES (191,0,NULL,NULL,NULL,'indirect_costs',18,29);
INSERT INTO `cost` (`id`, `cost`, `description`, `item`, `quantity`, `name`, `application_finance_id`, `question_id`) VALUES (192,0,NULL,NULL,NULL,'exceptions_staff',18,28);
INSERT INTO `cost` (`id`, `cost`, `description`, `item`, `quantity`, `name`, `application_finance_id`, `question_id`) VALUES (193,0,NULL,NULL,NULL,'exceptions_other_costs',18,34);
INSERT INTO `cost` (`id`, `cost`, `description`, `item`, `quantity`, `name`, `application_finance_id`, `question_id`) VALUES (194,500000,NULL,NULL,NULL,'incurred_staff',19,28);
INSERT INTO `cost` (`id`, `cost`, `description`, `item`, `quantity`, `name`, `application_finance_id`, `question_id`) VALUES (195,NULL,NULL,'',NULL,'tsb_reference',19,20);
INSERT INTO `cost` (`id`, `cost`, `description`, `item`, `quantity`, `name`, `application_finance_id`, `question_id`) VALUES (196,0,NULL,NULL,NULL,'incurred_travel_subsistence',19,33);
INSERT INTO `cost` (`id`, `cost`, `description`, `item`, `quantity`, `name`, `application_finance_id`, `question_id`) VALUES (197,0,NULL,NULL,NULL,'incurred_other_costs',19,30);
INSERT INTO `cost` (`id`, `cost`, `description`, `item`, `quantity`, `name`, `application_finance_id`, `question_id`) VALUES (198,0,NULL,NULL,NULL,'allocated_investigators',19,28);
INSERT INTO `cost` (`id`, `cost`, `description`, `item`, `quantity`, `name`, `application_finance_id`, `question_id`) VALUES (199,0,NULL,NULL,NULL,'allocated_estates_costs',19,34);
INSERT INTO `cost` (`id`, `cost`, `description`, `item`, `quantity`, `name`, `application_finance_id`, `question_id`) VALUES (200,0,NULL,NULL,NULL,'allocated_other_costs',19,34);
INSERT INTO `cost` (`id`, `cost`, `description`, `item`, `quantity`, `name`, `application_finance_id`, `question_id`) VALUES (201,0,NULL,NULL,NULL,'indirect_costs',19,29);
INSERT INTO `cost` (`id`, `cost`, `description`, `item`, `quantity`, `name`, `application_finance_id`, `question_id`) VALUES (202,0,NULL,NULL,NULL,'exceptions_staff',19,28);
INSERT INTO `cost` (`id`, `cost`, `description`, `item`, `quantity`, `name`, `application_finance_id`, `question_id`) VALUES (203,0,NULL,NULL,NULL,'exceptions_other_costs',19,34);
INSERT INTO `cost` (`id`, `cost`, `description`, `item`, `quantity`, `name`, `application_finance_id`, `question_id`) VALUES (204,8000000,'','gold',1,'',17,57);
INSERT INTO `cost` (`id`, `cost`, `description`, `item`, `quantity`, `name`, `application_finance_id`, `question_id`) VALUES (205,NULL,'Working days per year','Working days per year',NULL,'working-days-per-year',20,28);
INSERT INTO `cost` (`id`, `cost`, `description`, `item`, `quantity`, `name`, `application_finance_id`, `question_id`) VALUES (206,NULL,'Accept Rate','NONE',NULL,'overhead',20,29);
INSERT INTO `cost` (`id`, `cost`, `description`, `item`, `quantity`, `name`, `application_finance_id`, `question_id`) VALUES (207,0,'Grant Claim','',NULL,'grant-claim',20,38);
INSERT INTO `cost` (`id`, `cost`, `description`, `item`, `quantity`, `name`, `application_finance_id`, `question_id`) VALUES (208,0,'Other Funding','',0,'other-funding',20,35);


INSERT INTO `user` (`id`, `email`, `image_url`, `first_name`, `invite_name`, `last_name`, `phone_number`, `title`, `status`, `uid`, `system_user`) VALUES (18,'test1@test.test',NULL,'test',NULL,'one','1234567890','Mr','ACTIVE','b88e3c4d-4aa9-4211-ae23-8668be88772d',0);
INSERT INTO `user` (`id`, `email`, `image_url`, `first_name`, `invite_name`, `last_name`, `phone_number`, `title`, `status`, `uid`, `system_user`) VALUES (19,'test2@test.test',NULL,'test',NULL,'two','1234567890','Mr','ACTIVE','9f2e4478-93b9-4ff8-8d5f-d885e3656232',0);
INSERT INTO `user` (`id`, `email`, `image_url`, `first_name`, `invite_name`, `last_name`, `phone_number`, `title`, `status`, `uid`, `system_user`) VALUES (20,'test3@test.test',NULL,'test',NULL,'three','1234567890','Mr','ACTIVE','e19a72f9-0d55-46d9-bc66-585417da1905',0);
INSERT INTO `user` (`id`, `email`, `image_url`, `first_name`, `invite_name`, `last_name`, `phone_number`, `title`, `status`, `uid`, `system_user`) VALUES (21,'test4@test.test',NULL,'test',NULL,'four','1234567890','Mr','ACTIVE','a2d69e6c-00dc-4d7d-ae12-2cf55c954577',0);
INSERT INTO `user` (`id`, `email`, `image_url`, `first_name`, `invite_name`, `last_name`, `phone_number`, `title`, `status`, `uid`, `system_user`) VALUES (22,'test5@test.test',NULL,'test',NULL,'five','1234567890','Mr','ACTIVE','d15b9908-41bf-4e66-a0d8-ba7c80895190',0);
INSERT INTO `user` (`id`, `email`, `image_url`, `first_name`, `invite_name`, `last_name`, `phone_number`, `title`, `status`, `uid`, `system_user`) VALUES (23,'test6@test.test',NULL,'test',NULL,'six','1234567890','Mr','ACTIVE','69719fc9-0f1b-400e-a16c-4e90355ca703',0);
INSERT INTO `user` (`id`, `email`, `image_url`, `first_name`, `invite_name`, `last_name`, `phone_number`, `title`, `status`, `uid`, `system_user`) VALUES (24,'test7@test.test',NULL,'test',NULL,'seven','1234567890','Mr','ACTIVE','a2a081fe-7e14-4ab8-aad1-4163c6ab36da',0);
INSERT INTO `user` (`id`, `email`, `image_url`, `first_name`, `invite_name`, `last_name`, `phone_number`, `title`, `status`, `uid`, `system_user`) VALUES (25,'test8@test.test',NULL,'test',NULL,'eight','1234567890','Mr','ACTIVE','cb0c60df-0424-4d6b-ac4f-06c24d162742',0);
INSERT INTO `user` (`id`, `email`, `image_url`, `first_name`, `invite_name`, `last_name`, `phone_number`, `title`, `status`, `uid`, `system_user`) VALUES (26,'test9@test.test',NULL,'test',NULL,'nine','1234567890','Mr','ACTIVE','07dfbf46-876e-405c-9d7b-f787bccd4862',0);


INSERT INTO `process_role` (`id`, `application_id`, `organisation_id`, `role_id`, `user_id`) VALUES (29,8,12,1,18);
INSERT INTO `process_role` (`id`, `application_id`, `organisation_id`, `role_id`, `user_id`) VALUES (30,9,13,1,19);
INSERT INTO `process_role` (`id`, `application_id`, `organisation_id`, `role_id`, `user_id`) VALUES (31,10,14,1,20);
INSERT INTO `process_role` (`id`, `application_id`, `organisation_id`, `role_id`, `user_id`) VALUES (32,11,15,1,21);
INSERT INTO `process_role` (`id`, `application_id`, `organisation_id`, `role_id`, `user_id`) VALUES (33,12,16,1,22);
INSERT INTO `process_role` (`id`, `application_id`, `organisation_id`, `role_id`, `user_id`) VALUES (34,13,17,1,23);
INSERT INTO `process_role` (`id`, `application_id`, `organisation_id`, `role_id`, `user_id`) VALUES (35,14,18,1,24);
INSERT INTO `process_role` (`id`, `application_id`, `organisation_id`, `role_id`, `user_id`) VALUES (36,14,19,2,25);
INSERT INTO `process_role` (`id`, `application_id`, `organisation_id`, `role_id`, `user_id`) VALUES (37,14,20,2,26);
INSERT INTO `process_role` (`id`, `application_id`, `organisation_id`, `role_id`, `user_id`) VALUES (38,15,3,1,1);


INSERT INTO `form_input_response` (`id`, `update_date`, `value`, `form_input_id`, `updated_by_id`, `application_id`, `file_entry_id`) VALUES (36,'2016-04-25 13:01:28','summary',43,29,8,NULL);
INSERT INTO `form_input_response` (`id`, `update_date`, `value`, `form_input_id`, `updated_by_id`, `application_id`, `file_entry_id`) VALUES (37,'2016-04-25 13:01:42','second answer',44,29,8,NULL);
INSERT INTO `form_input_response` (`id`, `update_date`, `value`, `form_input_id`, `updated_by_id`, `application_id`, `file_entry_id`) VALUES (38,'2016-04-25 13:01:51','third answer',45,29,8,NULL);
INSERT INTO `form_input_response` (`id`, `update_date`, `value`, `form_input_id`, `updated_by_id`, `application_id`, `file_entry_id`) VALUES (39,'2016-04-25 13:02:01','fourth answer',46,29,8,NULL);
INSERT INTO `form_input_response` (`id`, `update_date`, `value`, `form_input_id`, `updated_by_id`, `application_id`, `file_entry_id`) VALUES (40,'2016-04-25 13:02:10','fifth answer',47,29,8,NULL);
INSERT INTO `form_input_response` (`id`, `update_date`, `value`, `form_input_id`, `updated_by_id`, `application_id`, `file_entry_id`) VALUES (41,'2016-04-25 13:04:36','summary',43,30,9,NULL);
INSERT INTO `form_input_response` (`id`, `update_date`, `value`, `form_input_id`, `updated_by_id`, `application_id`, `file_entry_id`) VALUES (42,'2016-04-25 13:04:48','second answer',44,30,9,NULL);
INSERT INTO `form_input_response` (`id`, `update_date`, `value`, `form_input_id`, `updated_by_id`, `application_id`, `file_entry_id`) VALUES (43,'2016-04-25 13:04:56','third answer',45,30,9,NULL);
INSERT INTO `form_input_response` (`id`, `update_date`, `value`, `form_input_id`, `updated_by_id`, `application_id`, `file_entry_id`) VALUES (44,'2016-04-25 13:05:03','fourth answer',46,30,9,NULL);
INSERT INTO `form_input_response` (`id`, `update_date`, `value`, `form_input_id`, `updated_by_id`, `application_id`, `file_entry_id`) VALUES (45,'2016-04-25 13:05:12','fifth answer',47,30,9,NULL);
INSERT INTO `form_input_response` (`id`, `update_date`, `value`, `form_input_id`, `updated_by_id`, `application_id`, `file_entry_id`) VALUES (46,'2016-04-25 13:07:18','summary',43,31,10,NULL);
INSERT INTO `form_input_response` (`id`, `update_date`, `value`, `form_input_id`, `updated_by_id`, `application_id`, `file_entry_id`) VALUES (47,'2016-04-25 13:07:27','second answer',44,31,10,NULL);
INSERT INTO `form_input_response` (`id`, `update_date`, `value`, `form_input_id`, `updated_by_id`, `application_id`, `file_entry_id`) VALUES (48,'2016-04-25 13:07:36','third answer',45,31,10,NULL);
INSERT INTO `form_input_response` (`id`, `update_date`, `value`, `form_input_id`, `updated_by_id`, `application_id`, `file_entry_id`) VALUES (49,'2016-04-25 13:07:44','fourth answer',46,31,10,NULL);
INSERT INTO `form_input_response` (`id`, `update_date`, `value`, `form_input_id`, `updated_by_id`, `application_id`, `file_entry_id`) VALUES (50,'2016-04-25 13:07:52','fifth answer',47,31,10,NULL);
INSERT INTO `form_input_response` (`id`, `update_date`, `value`, `form_input_id`, `updated_by_id`, `application_id`, `file_entry_id`) VALUES (51,'2016-04-25 13:11:57','summary',43,33,12,NULL);
INSERT INTO `form_input_response` (`id`, `update_date`, `value`, `form_input_id`, `updated_by_id`, `application_id`, `file_entry_id`) VALUES (52,'2016-04-25 13:12:06','second answer',44,33,12,NULL);
INSERT INTO `form_input_response` (`id`, `update_date`, `value`, `form_input_id`, `updated_by_id`, `application_id`, `file_entry_id`) VALUES (53,'2016-04-25 13:12:16','third answer',45,33,12,NULL);
INSERT INTO `form_input_response` (`id`, `update_date`, `value`, `form_input_id`, `updated_by_id`, `application_id`, `file_entry_id`) VALUES (54,'2016-04-25 13:14:28','summary',43,34,13,NULL);
INSERT INTO `form_input_response` (`id`, `update_date`, `value`, `form_input_id`, `updated_by_id`, `application_id`, `file_entry_id`) VALUES (55,'2016-04-25 13:17:34','summary',43,35,14,NULL);
INSERT INTO `form_input_response` (`id`, `update_date`, `value`, `form_input_id`, `updated_by_id`, `application_id`, `file_entry_id`) VALUES (56,'2016-04-25 13:22:47','second answer',44,35,14,NULL);
INSERT INTO `form_input_response` (`id`, `update_date`, `value`, `form_input_id`, `updated_by_id`, `application_id`, `file_entry_id`) VALUES (57,'2016-04-25 13:22:55','third answer',45,35,14,NULL);
INSERT INTO `form_input_response` (`id`, `update_date`, `value`, `form_input_id`, `updated_by_id`, `application_id`, `file_entry_id`) VALUES (58,'2016-04-25 13:23:02','fourth answer',46,35,14,NULL);
INSERT INTO `form_input_response` (`id`, `update_date`, `value`, `form_input_id`, `updated_by_id`, `application_id`, `file_entry_id`) VALUES (59,'2016-04-25 13:23:10','fifth answer',47,35,14,NULL);
INSERT INTO `form_input_response` (`id`, `update_date`, `value`, `form_input_id`, `updated_by_id`, `application_id`, `file_entry_id`) VALUES (60,'2016-04-25 13:30:22','C:\\fakepath\\test1.pdf',67,36,14,NULL);
INSERT INTO `form_input_response` (`id`, `update_date`, `value`, `form_input_id`, `updated_by_id`, `application_id`, `file_entry_id`) VALUES (61,'2016-04-25 15:10:01','summary',43,38,15,NULL);


INSERT INTO `invite_organisation` (`id`, `organisation_name`, `organisation_id`) VALUES (4,'other org1',19);
INSERT INTO `invite_organisation` (`id`, `organisation_name`, `organisation_id`) VALUES (5,'other org2',20);


INSERT INTO `invite` (`id`, `email`, `hash`, `name`, `status`, `application_id`, `invite_organisation_id`) VALUES (5,'test8@test.test','0b5384453dd73ae5ea9928fd7efdf91ff957d2ccd34ab7aa409b93ee5681f404098d9fff1fcd5f4d','test eight','ACCEPTED',14,4);
INSERT INTO `invite` (`id`, `email`, `hash`, `name`, `status`, `application_id`, `invite_organisation_id`) VALUES (6,'test9@test.test','512fb53af81876ec4258f7f5b60bf68348179b39cdd4f9a14d747eb5aae0367b69fb4f9019878286','test nine','ACCEPTED',14,5);


INSERT INTO `organisation_address` (`id`, `address_type`, `address_id`, `organisation_id`) VALUES (4,'REGISTERED',4,12);
INSERT INTO `organisation_address` (`id`, `address_type`, `address_id`, `organisation_id`) VALUES (5,'REGISTERED',5,13);
INSERT INTO `organisation_address` (`id`, `address_type`, `address_id`, `organisation_id`) VALUES (6,'REGISTERED',6,14);
INSERT INTO `organisation_address` (`id`, `address_type`, `address_id`, `organisation_id`) VALUES (7,'REGISTERED',7,15);
INSERT INTO `organisation_address` (`id`, `address_type`, `address_id`, `organisation_id`) VALUES (8,'REGISTERED',8,16);
INSERT INTO `organisation_address` (`id`, `address_type`, `address_id`, `organisation_id`) VALUES (9,'REGISTERED',9,17);
INSERT INTO `organisation_address` (`id`, `address_type`, `address_id`, `organisation_id`) VALUES (10,'REGISTERED',10,18);
INSERT INTO `organisation_address` (`id`, `address_type`, `address_id`, `organisation_id`) VALUES (11,'OPERATING',11,19);
INSERT INTO `organisation_address` (`id`, `address_type`, `address_id`, `organisation_id`) VALUES (12,'OPERATING',12,20);


INSERT INTO `question_status` (`id`, `assigned_date`, `marked_as_complete`, `notified`, `application_id`, `assigned_by_id`, `assignee_id`, `marked_as_complete_by_id`, `question_id`) VALUES (123,NULL,'',NULL,8,NULL,NULL,29,43);
INSERT INTO `question_status` (`id`, `assigned_date`, `marked_as_complete`, `notified`, `application_id`, `assigned_by_id`, `assignee_id`, `marked_as_complete_by_id`, `question_id`) VALUES (124,NULL,'',NULL,8,NULL,NULL,29,44);
INSERT INTO `question_status` (`id`, `assigned_date`, `marked_as_complete`, `notified`, `application_id`, `assigned_by_id`, `assignee_id`, `marked_as_complete_by_id`, `question_id`) VALUES (125,NULL,'',NULL,8,NULL,NULL,29,45);
INSERT INTO `question_status` (`id`, `assigned_date`, `marked_as_complete`, `notified`, `application_id`, `assigned_by_id`, `assignee_id`, `marked_as_complete_by_id`, `question_id`) VALUES (126,NULL,'',NULL,8,NULL,NULL,29,46);
INSERT INTO `question_status` (`id`, `assigned_date`, `marked_as_complete`, `notified`, `application_id`, `assigned_by_id`, `assignee_id`, `marked_as_complete_by_id`, `question_id`) VALUES (127,NULL,'',NULL,8,NULL,NULL,29,47);
INSERT INTO `question_status` (`id`, `assigned_date`, `marked_as_complete`, `notified`, `application_id`, `assigned_by_id`, `assignee_id`, `marked_as_complete_by_id`, `question_id`) VALUES (128,NULL,'',NULL,8,NULL,NULL,29,64);
INSERT INTO `question_status` (`id`, `assigned_date`, `marked_as_complete`, `notified`, `application_id`, `assigned_by_id`, `assignee_id`, `marked_as_complete_by_id`, `question_id`) VALUES (129,'2016-04-25 13:02:55',NULL,'',8,29,29,NULL,64);
INSERT INTO `question_status` (`id`, `assigned_date`, `marked_as_complete`, `notified`, `application_id`, `assigned_by_id`, `assignee_id`, `marked_as_complete_by_id`, `question_id`) VALUES (130,NULL,'',NULL,8,NULL,NULL,29,65);
INSERT INTO `question_status` (`id`, `assigned_date`, `marked_as_complete`, `notified`, `application_id`, `assigned_by_id`, `assignee_id`, `marked_as_complete_by_id`, `question_id`) VALUES (131,'2016-04-25 13:02:55',NULL,'',8,29,29,NULL,65);
INSERT INTO `question_status` (`id`, `assigned_date`, `marked_as_complete`, `notified`, `application_id`, `assigned_by_id`, `assignee_id`, `marked_as_complete_by_id`, `question_id`) VALUES (132,NULL,'',NULL,8,NULL,NULL,29,67);
INSERT INTO `question_status` (`id`, `assigned_date`, `marked_as_complete`, `notified`, `application_id`, `assigned_by_id`, `assignee_id`, `marked_as_complete_by_id`, `question_id`) VALUES (133,'2016-04-25 13:02:55',NULL,'',8,29,29,NULL,67);
INSERT INTO `question_status` (`id`, `assigned_date`, `marked_as_complete`, `notified`, `application_id`, `assigned_by_id`, `assignee_id`, `marked_as_complete_by_id`, `question_id`) VALUES (134,NULL,'',NULL,8,NULL,NULL,29,48);
INSERT INTO `question_status` (`id`, `assigned_date`, `marked_as_complete`, `notified`, `application_id`, `assigned_by_id`, `assignee_id`, `marked_as_complete_by_id`, `question_id`) VALUES (135,'2016-04-25 13:02:55',NULL,'',8,29,29,NULL,48);
INSERT INTO `question_status` (`id`, `assigned_date`, `marked_as_complete`, `notified`, `application_id`, `assigned_by_id`, `assignee_id`, `marked_as_complete_by_id`, `question_id`) VALUES (136,NULL,'',NULL,8,NULL,NULL,29,49);
INSERT INTO `question_status` (`id`, `assigned_date`, `marked_as_complete`, `notified`, `application_id`, `assigned_by_id`, `assignee_id`, `marked_as_complete_by_id`, `question_id`) VALUES (137,'2016-04-25 13:02:55',NULL,'',8,29,29,NULL,49);
INSERT INTO `question_status` (`id`, `assigned_date`, `marked_as_complete`, `notified`, `application_id`, `assigned_by_id`, `assignee_id`, `marked_as_complete_by_id`, `question_id`) VALUES (138,NULL,'',NULL,8,NULL,NULL,29,50);
INSERT INTO `question_status` (`id`, `assigned_date`, `marked_as_complete`, `notified`, `application_id`, `assigned_by_id`, `assignee_id`, `marked_as_complete_by_id`, `question_id`) VALUES (139,'2016-04-25 13:02:55',NULL,'',8,29,29,NULL,50);
INSERT INTO `question_status` (`id`, `assigned_date`, `marked_as_complete`, `notified`, `application_id`, `assigned_by_id`, `assignee_id`, `marked_as_complete_by_id`, `question_id`) VALUES (140,NULL,'',NULL,8,NULL,NULL,29,51);
INSERT INTO `question_status` (`id`, `assigned_date`, `marked_as_complete`, `notified`, `application_id`, `assigned_by_id`, `assignee_id`, `marked_as_complete_by_id`, `question_id`) VALUES (141,'2016-04-25 13:02:55',NULL,'',8,29,29,NULL,51);
INSERT INTO `question_status` (`id`, `assigned_date`, `marked_as_complete`, `notified`, `application_id`, `assigned_by_id`, `assignee_id`, `marked_as_complete_by_id`, `question_id`) VALUES (142,NULL,'',NULL,8,NULL,NULL,29,52);
INSERT INTO `question_status` (`id`, `assigned_date`, `marked_as_complete`, `notified`, `application_id`, `assigned_by_id`, `assignee_id`, `marked_as_complete_by_id`, `question_id`) VALUES (143,'2016-04-25 13:02:55',NULL,'',8,29,29,NULL,52);
INSERT INTO `question_status` (`id`, `assigned_date`, `marked_as_complete`, `notified`, `application_id`, `assigned_by_id`, `assignee_id`, `marked_as_complete_by_id`, `question_id`) VALUES (144,NULL,'',NULL,8,NULL,NULL,29,53);
INSERT INTO `question_status` (`id`, `assigned_date`, `marked_as_complete`, `notified`, `application_id`, `assigned_by_id`, `assignee_id`, `marked_as_complete_by_id`, `question_id`) VALUES (145,'2016-04-25 13:02:55',NULL,'',8,29,29,NULL,53);
INSERT INTO `question_status` (`id`, `assigned_date`, `marked_as_complete`, `notified`, `application_id`, `assigned_by_id`, `assignee_id`, `marked_as_complete_by_id`, `question_id`) VALUES (146,NULL,'',NULL,8,NULL,NULL,29,54);
INSERT INTO `question_status` (`id`, `assigned_date`, `marked_as_complete`, `notified`, `application_id`, `assigned_by_id`, `assignee_id`, `marked_as_complete_by_id`, `question_id`) VALUES (147,'2016-04-25 13:02:55',NULL,'',8,29,29,NULL,54);
INSERT INTO `question_status` (`id`, `assigned_date`, `marked_as_complete`, `notified`, `application_id`, `assigned_by_id`, `assignee_id`, `marked_as_complete_by_id`, `question_id`) VALUES (148,NULL,'',NULL,8,NULL,NULL,29,55);
INSERT INTO `question_status` (`id`, `assigned_date`, `marked_as_complete`, `notified`, `application_id`, `assigned_by_id`, `assignee_id`, `marked_as_complete_by_id`, `question_id`) VALUES (149,'2016-04-25 13:02:55',NULL,'',8,29,29,NULL,55);
INSERT INTO `question_status` (`id`, `assigned_date`, `marked_as_complete`, `notified`, `application_id`, `assigned_by_id`, `assignee_id`, `marked_as_complete_by_id`, `question_id`) VALUES (150,NULL,'',NULL,8,NULL,NULL,29,56);
INSERT INTO `question_status` (`id`, `assigned_date`, `marked_as_complete`, `notified`, `application_id`, `assigned_by_id`, `assignee_id`, `marked_as_complete_by_id`, `question_id`) VALUES (151,'2016-04-25 13:02:55',NULL,'',8,29,29,NULL,56);
INSERT INTO `question_status` (`id`, `assigned_date`, `marked_as_complete`, `notified`, `application_id`, `assigned_by_id`, `assignee_id`, `marked_as_complete_by_id`, `question_id`) VALUES (152,NULL,'',NULL,8,NULL,NULL,29,57);
INSERT INTO `question_status` (`id`, `assigned_date`, `marked_as_complete`, `notified`, `application_id`, `assigned_by_id`, `assignee_id`, `marked_as_complete_by_id`, `question_id`) VALUES (153,'2016-04-25 13:02:56',NULL,'',8,29,29,NULL,57);
INSERT INTO `question_status` (`id`, `assigned_date`, `marked_as_complete`, `notified`, `application_id`, `assigned_by_id`, `assignee_id`, `marked_as_complete_by_id`, `question_id`) VALUES (154,NULL,'',NULL,8,NULL,NULL,29,58);
INSERT INTO `question_status` (`id`, `assigned_date`, `marked_as_complete`, `notified`, `application_id`, `assigned_by_id`, `assignee_id`, `marked_as_complete_by_id`, `question_id`) VALUES (155,'2016-04-25 13:02:56',NULL,'',8,29,29,NULL,58);
INSERT INTO `question_status` (`id`, `assigned_date`, `marked_as_complete`, `notified`, `application_id`, `assigned_by_id`, `assignee_id`, `marked_as_complete_by_id`, `question_id`) VALUES (156,NULL,'',NULL,8,NULL,NULL,29,59);
INSERT INTO `question_status` (`id`, `assigned_date`, `marked_as_complete`, `notified`, `application_id`, `assigned_by_id`, `assignee_id`, `marked_as_complete_by_id`, `question_id`) VALUES (157,'2016-04-25 13:02:56',NULL,'',8,29,29,NULL,59);
INSERT INTO `question_status` (`id`, `assigned_date`, `marked_as_complete`, `notified`, `application_id`, `assigned_by_id`, `assignee_id`, `marked_as_complete_by_id`, `question_id`) VALUES (158,NULL,'',NULL,8,NULL,NULL,29,60);
INSERT INTO `question_status` (`id`, `assigned_date`, `marked_as_complete`, `notified`, `application_id`, `assigned_by_id`, `assignee_id`, `marked_as_complete_by_id`, `question_id`) VALUES (159,'2016-04-25 13:02:56',NULL,'',8,29,29,NULL,60);
INSERT INTO `question_status` (`id`, `assigned_date`, `marked_as_complete`, `notified`, `application_id`, `assigned_by_id`, `assignee_id`, `marked_as_complete_by_id`, `question_id`) VALUES (160,NULL,'',NULL,8,NULL,NULL,29,61);
INSERT INTO `question_status` (`id`, `assigned_date`, `marked_as_complete`, `notified`, `application_id`, `assigned_by_id`, `assignee_id`, `marked_as_complete_by_id`, `question_id`) VALUES (161,'2016-04-25 13:02:56',NULL,'',8,29,29,NULL,61);
INSERT INTO `question_status` (`id`, `assigned_date`, `marked_as_complete`, `notified`, `application_id`, `assigned_by_id`, `assignee_id`, `marked_as_complete_by_id`, `question_id`) VALUES (162,NULL,'',NULL,8,NULL,NULL,29,62);
INSERT INTO `question_status` (`id`, `assigned_date`, `marked_as_complete`, `notified`, `application_id`, `assigned_by_id`, `assignee_id`, `marked_as_complete_by_id`, `question_id`) VALUES (163,'2016-04-25 13:02:56',NULL,'',8,29,29,NULL,62);
INSERT INTO `question_status` (`id`, `assigned_date`, `marked_as_complete`, `notified`, `application_id`, `assigned_by_id`, `assignee_id`, `marked_as_complete_by_id`, `question_id`) VALUES (164,NULL,'',NULL,9,NULL,NULL,30,43);
INSERT INTO `question_status` (`id`, `assigned_date`, `marked_as_complete`, `notified`, `application_id`, `assigned_by_id`, `assignee_id`, `marked_as_complete_by_id`, `question_id`) VALUES (165,NULL,'',NULL,9,NULL,NULL,30,44);
INSERT INTO `question_status` (`id`, `assigned_date`, `marked_as_complete`, `notified`, `application_id`, `assigned_by_id`, `assignee_id`, `marked_as_complete_by_id`, `question_id`) VALUES (166,NULL,'',NULL,9,NULL,NULL,30,45);
INSERT INTO `question_status` (`id`, `assigned_date`, `marked_as_complete`, `notified`, `application_id`, `assigned_by_id`, `assignee_id`, `marked_as_complete_by_id`, `question_id`) VALUES (167,NULL,'',NULL,9,NULL,NULL,30,46);
INSERT INTO `question_status` (`id`, `assigned_date`, `marked_as_complete`, `notified`, `application_id`, `assigned_by_id`, `assignee_id`, `marked_as_complete_by_id`, `question_id`) VALUES (168,NULL,'',NULL,9,NULL,NULL,30,47);
INSERT INTO `question_status` (`id`, `assigned_date`, `marked_as_complete`, `notified`, `application_id`, `assigned_by_id`, `assignee_id`, `marked_as_complete_by_id`, `question_id`) VALUES (169,NULL,'',NULL,9,NULL,NULL,30,64);
INSERT INTO `question_status` (`id`, `assigned_date`, `marked_as_complete`, `notified`, `application_id`, `assigned_by_id`, `assignee_id`, `marked_as_complete_by_id`, `question_id`) VALUES (170,'2016-04-25 13:05:47',NULL,'',9,30,30,NULL,64);
INSERT INTO `question_status` (`id`, `assigned_date`, `marked_as_complete`, `notified`, `application_id`, `assigned_by_id`, `assignee_id`, `marked_as_complete_by_id`, `question_id`) VALUES (171,NULL,'',NULL,9,NULL,NULL,30,65);
INSERT INTO `question_status` (`id`, `assigned_date`, `marked_as_complete`, `notified`, `application_id`, `assigned_by_id`, `assignee_id`, `marked_as_complete_by_id`, `question_id`) VALUES (172,'2016-04-25 13:05:47',NULL,'',9,30,30,NULL,65);
INSERT INTO `question_status` (`id`, `assigned_date`, `marked_as_complete`, `notified`, `application_id`, `assigned_by_id`, `assignee_id`, `marked_as_complete_by_id`, `question_id`) VALUES (173,NULL,'',NULL,9,NULL,NULL,30,67);
INSERT INTO `question_status` (`id`, `assigned_date`, `marked_as_complete`, `notified`, `application_id`, `assigned_by_id`, `assignee_id`, `marked_as_complete_by_id`, `question_id`) VALUES (174,'2016-04-25 13:05:47',NULL,'',9,30,30,NULL,67);
INSERT INTO `question_status` (`id`, `assigned_date`, `marked_as_complete`, `notified`, `application_id`, `assigned_by_id`, `assignee_id`, `marked_as_complete_by_id`, `question_id`) VALUES (175,NULL,'',NULL,9,NULL,NULL,30,48);
INSERT INTO `question_status` (`id`, `assigned_date`, `marked_as_complete`, `notified`, `application_id`, `assigned_by_id`, `assignee_id`, `marked_as_complete_by_id`, `question_id`) VALUES (176,'2016-04-25 13:05:47',NULL,'',9,30,30,NULL,48);
INSERT INTO `question_status` (`id`, `assigned_date`, `marked_as_complete`, `notified`, `application_id`, `assigned_by_id`, `assignee_id`, `marked_as_complete_by_id`, `question_id`) VALUES (177,NULL,'',NULL,9,NULL,NULL,30,49);
INSERT INTO `question_status` (`id`, `assigned_date`, `marked_as_complete`, `notified`, `application_id`, `assigned_by_id`, `assignee_id`, `marked_as_complete_by_id`, `question_id`) VALUES (178,'2016-04-25 13:05:47',NULL,'',9,30,30,NULL,49);
INSERT INTO `question_status` (`id`, `assigned_date`, `marked_as_complete`, `notified`, `application_id`, `assigned_by_id`, `assignee_id`, `marked_as_complete_by_id`, `question_id`) VALUES (179,NULL,'',NULL,9,NULL,NULL,30,50);
INSERT INTO `question_status` (`id`, `assigned_date`, `marked_as_complete`, `notified`, `application_id`, `assigned_by_id`, `assignee_id`, `marked_as_complete_by_id`, `question_id`) VALUES (180,'2016-04-25 13:05:47',NULL,'',9,30,30,NULL,50);
INSERT INTO `question_status` (`id`, `assigned_date`, `marked_as_complete`, `notified`, `application_id`, `assigned_by_id`, `assignee_id`, `marked_as_complete_by_id`, `question_id`) VALUES (181,NULL,'',NULL,9,NULL,NULL,30,51);
INSERT INTO `question_status` (`id`, `assigned_date`, `marked_as_complete`, `notified`, `application_id`, `assigned_by_id`, `assignee_id`, `marked_as_complete_by_id`, `question_id`) VALUES (182,'2016-04-25 13:05:47',NULL,'',9,30,30,NULL,51);
INSERT INTO `question_status` (`id`, `assigned_date`, `marked_as_complete`, `notified`, `application_id`, `assigned_by_id`, `assignee_id`, `marked_as_complete_by_id`, `question_id`) VALUES (183,NULL,'',NULL,9,NULL,NULL,30,52);
INSERT INTO `question_status` (`id`, `assigned_date`, `marked_as_complete`, `notified`, `application_id`, `assigned_by_id`, `assignee_id`, `marked_as_complete_by_id`, `question_id`) VALUES (184,'2016-04-25 13:05:47',NULL,'',9,30,30,NULL,52);
INSERT INTO `question_status` (`id`, `assigned_date`, `marked_as_complete`, `notified`, `application_id`, `assigned_by_id`, `assignee_id`, `marked_as_complete_by_id`, `question_id`) VALUES (185,NULL,'',NULL,9,NULL,NULL,30,53);
INSERT INTO `question_status` (`id`, `assigned_date`, `marked_as_complete`, `notified`, `application_id`, `assigned_by_id`, `assignee_id`, `marked_as_complete_by_id`, `question_id`) VALUES (186,'2016-04-25 13:05:47',NULL,'',9,30,30,NULL,53);
INSERT INTO `question_status` (`id`, `assigned_date`, `marked_as_complete`, `notified`, `application_id`, `assigned_by_id`, `assignee_id`, `marked_as_complete_by_id`, `question_id`) VALUES (187,NULL,'',NULL,9,NULL,NULL,30,54);
INSERT INTO `question_status` (`id`, `assigned_date`, `marked_as_complete`, `notified`, `application_id`, `assigned_by_id`, `assignee_id`, `marked_as_complete_by_id`, `question_id`) VALUES (188,'2016-04-25 13:05:47',NULL,'',9,30,30,NULL,54);
INSERT INTO `question_status` (`id`, `assigned_date`, `marked_as_complete`, `notified`, `application_id`, `assigned_by_id`, `assignee_id`, `marked_as_complete_by_id`, `question_id`) VALUES (189,NULL,'',NULL,9,NULL,NULL,30,55);
INSERT INTO `question_status` (`id`, `assigned_date`, `marked_as_complete`, `notified`, `application_id`, `assigned_by_id`, `assignee_id`, `marked_as_complete_by_id`, `question_id`) VALUES (190,'2016-04-25 13:05:47',NULL,'',9,30,30,NULL,55);
INSERT INTO `question_status` (`id`, `assigned_date`, `marked_as_complete`, `notified`, `application_id`, `assigned_by_id`, `assignee_id`, `marked_as_complete_by_id`, `question_id`) VALUES (191,NULL,'',NULL,9,NULL,NULL,30,56);
INSERT INTO `question_status` (`id`, `assigned_date`, `marked_as_complete`, `notified`, `application_id`, `assigned_by_id`, `assignee_id`, `marked_as_complete_by_id`, `question_id`) VALUES (192,'2016-04-25 13:05:47',NULL,'',9,30,30,NULL,56);
INSERT INTO `question_status` (`id`, `assigned_date`, `marked_as_complete`, `notified`, `application_id`, `assigned_by_id`, `assignee_id`, `marked_as_complete_by_id`, `question_id`) VALUES (193,NULL,'',NULL,9,NULL,NULL,30,57);
INSERT INTO `question_status` (`id`, `assigned_date`, `marked_as_complete`, `notified`, `application_id`, `assigned_by_id`, `assignee_id`, `marked_as_complete_by_id`, `question_id`) VALUES (194,'2016-04-25 13:05:47',NULL,'',9,30,30,NULL,57);
INSERT INTO `question_status` (`id`, `assigned_date`, `marked_as_complete`, `notified`, `application_id`, `assigned_by_id`, `assignee_id`, `marked_as_complete_by_id`, `question_id`) VALUES (195,NULL,'',NULL,9,NULL,NULL,30,58);
INSERT INTO `question_status` (`id`, `assigned_date`, `marked_as_complete`, `notified`, `application_id`, `assigned_by_id`, `assignee_id`, `marked_as_complete_by_id`, `question_id`) VALUES (196,'2016-04-25 13:05:47',NULL,'',9,30,30,NULL,58);
INSERT INTO `question_status` (`id`, `assigned_date`, `marked_as_complete`, `notified`, `application_id`, `assigned_by_id`, `assignee_id`, `marked_as_complete_by_id`, `question_id`) VALUES (197,NULL,'',NULL,9,NULL,NULL,30,59);
INSERT INTO `question_status` (`id`, `assigned_date`, `marked_as_complete`, `notified`, `application_id`, `assigned_by_id`, `assignee_id`, `marked_as_complete_by_id`, `question_id`) VALUES (198,'2016-04-25 13:05:47',NULL,'',9,30,30,NULL,59);
INSERT INTO `question_status` (`id`, `assigned_date`, `marked_as_complete`, `notified`, `application_id`, `assigned_by_id`, `assignee_id`, `marked_as_complete_by_id`, `question_id`) VALUES (199,NULL,'',NULL,9,NULL,NULL,30,60);
INSERT INTO `question_status` (`id`, `assigned_date`, `marked_as_complete`, `notified`, `application_id`, `assigned_by_id`, `assignee_id`, `marked_as_complete_by_id`, `question_id`) VALUES (200,'2016-04-25 13:05:47',NULL,'',9,30,30,NULL,60);
INSERT INTO `question_status` (`id`, `assigned_date`, `marked_as_complete`, `notified`, `application_id`, `assigned_by_id`, `assignee_id`, `marked_as_complete_by_id`, `question_id`) VALUES (201,NULL,'',NULL,9,NULL,NULL,30,61);
INSERT INTO `question_status` (`id`, `assigned_date`, `marked_as_complete`, `notified`, `application_id`, `assigned_by_id`, `assignee_id`, `marked_as_complete_by_id`, `question_id`) VALUES (202,'2016-04-25 13:05:47',NULL,'',9,30,30,NULL,61);
INSERT INTO `question_status` (`id`, `assigned_date`, `marked_as_complete`, `notified`, `application_id`, `assigned_by_id`, `assignee_id`, `marked_as_complete_by_id`, `question_id`) VALUES (203,NULL,'',NULL,9,NULL,NULL,30,62);
INSERT INTO `question_status` (`id`, `assigned_date`, `marked_as_complete`, `notified`, `application_id`, `assigned_by_id`, `assignee_id`, `marked_as_complete_by_id`, `question_id`) VALUES (204,'2016-04-25 13:05:47',NULL,'',9,30,30,NULL,62);
INSERT INTO `question_status` (`id`, `assigned_date`, `marked_as_complete`, `notified`, `application_id`, `assigned_by_id`, `assignee_id`, `marked_as_complete_by_id`, `question_id`) VALUES (205,NULL,'',NULL,10,NULL,NULL,31,43);
INSERT INTO `question_status` (`id`, `assigned_date`, `marked_as_complete`, `notified`, `application_id`, `assigned_by_id`, `assignee_id`, `marked_as_complete_by_id`, `question_id`) VALUES (206,NULL,'',NULL,10,NULL,NULL,31,44);
INSERT INTO `question_status` (`id`, `assigned_date`, `marked_as_complete`, `notified`, `application_id`, `assigned_by_id`, `assignee_id`, `marked_as_complete_by_id`, `question_id`) VALUES (207,NULL,'',NULL,10,NULL,NULL,31,45);
INSERT INTO `question_status` (`id`, `assigned_date`, `marked_as_complete`, `notified`, `application_id`, `assigned_by_id`, `assignee_id`, `marked_as_complete_by_id`, `question_id`) VALUES (208,NULL,'',NULL,10,NULL,NULL,31,46);
INSERT INTO `question_status` (`id`, `assigned_date`, `marked_as_complete`, `notified`, `application_id`, `assigned_by_id`, `assignee_id`, `marked_as_complete_by_id`, `question_id`) VALUES (209,NULL,'',NULL,10,NULL,NULL,31,47);
INSERT INTO `question_status` (`id`, `assigned_date`, `marked_as_complete`, `notified`, `application_id`, `assigned_by_id`, `assignee_id`, `marked_as_complete_by_id`, `question_id`) VALUES (210,NULL,'',NULL,10,NULL,NULL,31,64);
INSERT INTO `question_status` (`id`, `assigned_date`, `marked_as_complete`, `notified`, `application_id`, `assigned_by_id`, `assignee_id`, `marked_as_complete_by_id`, `question_id`) VALUES (211,'2016-04-25 13:08:41',NULL,'',10,31,31,NULL,64);
INSERT INTO `question_status` (`id`, `assigned_date`, `marked_as_complete`, `notified`, `application_id`, `assigned_by_id`, `assignee_id`, `marked_as_complete_by_id`, `question_id`) VALUES (212,NULL,'',NULL,10,NULL,NULL,31,65);
INSERT INTO `question_status` (`id`, `assigned_date`, `marked_as_complete`, `notified`, `application_id`, `assigned_by_id`, `assignee_id`, `marked_as_complete_by_id`, `question_id`) VALUES (213,'2016-04-25 13:08:41',NULL,'',10,31,31,NULL,65);
INSERT INTO `question_status` (`id`, `assigned_date`, `marked_as_complete`, `notified`, `application_id`, `assigned_by_id`, `assignee_id`, `marked_as_complete_by_id`, `question_id`) VALUES (214,NULL,'',NULL,10,NULL,NULL,31,67);
INSERT INTO `question_status` (`id`, `assigned_date`, `marked_as_complete`, `notified`, `application_id`, `assigned_by_id`, `assignee_id`, `marked_as_complete_by_id`, `question_id`) VALUES (215,'2016-04-25 13:08:41',NULL,'',10,31,31,NULL,67);
INSERT INTO `question_status` (`id`, `assigned_date`, `marked_as_complete`, `notified`, `application_id`, `assigned_by_id`, `assignee_id`, `marked_as_complete_by_id`, `question_id`) VALUES (216,NULL,'',NULL,10,NULL,NULL,31,48);
INSERT INTO `question_status` (`id`, `assigned_date`, `marked_as_complete`, `notified`, `application_id`, `assigned_by_id`, `assignee_id`, `marked_as_complete_by_id`, `question_id`) VALUES (217,'2016-04-25 13:08:41',NULL,'',10,31,31,NULL,48);
INSERT INTO `question_status` (`id`, `assigned_date`, `marked_as_complete`, `notified`, `application_id`, `assigned_by_id`, `assignee_id`, `marked_as_complete_by_id`, `question_id`) VALUES (218,NULL,'',NULL,10,NULL,NULL,31,49);
INSERT INTO `question_status` (`id`, `assigned_date`, `marked_as_complete`, `notified`, `application_id`, `assigned_by_id`, `assignee_id`, `marked_as_complete_by_id`, `question_id`) VALUES (219,'2016-04-25 13:08:41',NULL,'',10,31,31,NULL,49);
INSERT INTO `question_status` (`id`, `assigned_date`, `marked_as_complete`, `notified`, `application_id`, `assigned_by_id`, `assignee_id`, `marked_as_complete_by_id`, `question_id`) VALUES (220,NULL,'',NULL,10,NULL,NULL,31,50);
INSERT INTO `question_status` (`id`, `assigned_date`, `marked_as_complete`, `notified`, `application_id`, `assigned_by_id`, `assignee_id`, `marked_as_complete_by_id`, `question_id`) VALUES (221,'2016-04-25 13:08:41',NULL,'',10,31,31,NULL,50);
INSERT INTO `question_status` (`id`, `assigned_date`, `marked_as_complete`, `notified`, `application_id`, `assigned_by_id`, `assignee_id`, `marked_as_complete_by_id`, `question_id`) VALUES (222,NULL,'',NULL,10,NULL,NULL,31,51);
INSERT INTO `question_status` (`id`, `assigned_date`, `marked_as_complete`, `notified`, `application_id`, `assigned_by_id`, `assignee_id`, `marked_as_complete_by_id`, `question_id`) VALUES (223,'2016-04-25 13:08:41',NULL,'',10,31,31,NULL,51);
INSERT INTO `question_status` (`id`, `assigned_date`, `marked_as_complete`, `notified`, `application_id`, `assigned_by_id`, `assignee_id`, `marked_as_complete_by_id`, `question_id`) VALUES (224,NULL,'',NULL,10,NULL,NULL,31,52);
INSERT INTO `question_status` (`id`, `assigned_date`, `marked_as_complete`, `notified`, `application_id`, `assigned_by_id`, `assignee_id`, `marked_as_complete_by_id`, `question_id`) VALUES (225,'2016-04-25 13:08:41',NULL,'',10,31,31,NULL,52);
INSERT INTO `question_status` (`id`, `assigned_date`, `marked_as_complete`, `notified`, `application_id`, `assigned_by_id`, `assignee_id`, `marked_as_complete_by_id`, `question_id`) VALUES (226,NULL,'',NULL,10,NULL,NULL,31,53);
INSERT INTO `question_status` (`id`, `assigned_date`, `marked_as_complete`, `notified`, `application_id`, `assigned_by_id`, `assignee_id`, `marked_as_complete_by_id`, `question_id`) VALUES (227,'2016-04-25 13:08:41',NULL,'',10,31,31,NULL,53);
INSERT INTO `question_status` (`id`, `assigned_date`, `marked_as_complete`, `notified`, `application_id`, `assigned_by_id`, `assignee_id`, `marked_as_complete_by_id`, `question_id`) VALUES (228,NULL,'',NULL,10,NULL,NULL,31,54);
INSERT INTO `question_status` (`id`, `assigned_date`, `marked_as_complete`, `notified`, `application_id`, `assigned_by_id`, `assignee_id`, `marked_as_complete_by_id`, `question_id`) VALUES (229,'2016-04-25 13:08:41',NULL,'',10,31,31,NULL,54);
INSERT INTO `question_status` (`id`, `assigned_date`, `marked_as_complete`, `notified`, `application_id`, `assigned_by_id`, `assignee_id`, `marked_as_complete_by_id`, `question_id`) VALUES (230,NULL,'',NULL,10,NULL,NULL,31,55);
INSERT INTO `question_status` (`id`, `assigned_date`, `marked_as_complete`, `notified`, `application_id`, `assigned_by_id`, `assignee_id`, `marked_as_complete_by_id`, `question_id`) VALUES (231,'2016-04-25 13:08:41',NULL,'',10,31,31,NULL,55);
INSERT INTO `question_status` (`id`, `assigned_date`, `marked_as_complete`, `notified`, `application_id`, `assigned_by_id`, `assignee_id`, `marked_as_complete_by_id`, `question_id`) VALUES (232,NULL,'',NULL,10,NULL,NULL,31,56);
INSERT INTO `question_status` (`id`, `assigned_date`, `marked_as_complete`, `notified`, `application_id`, `assigned_by_id`, `assignee_id`, `marked_as_complete_by_id`, `question_id`) VALUES (233,'2016-04-25 13:08:41',NULL,'',10,31,31,NULL,56);
INSERT INTO `question_status` (`id`, `assigned_date`, `marked_as_complete`, `notified`, `application_id`, `assigned_by_id`, `assignee_id`, `marked_as_complete_by_id`, `question_id`) VALUES (234,NULL,'',NULL,10,NULL,NULL,31,57);
INSERT INTO `question_status` (`id`, `assigned_date`, `marked_as_complete`, `notified`, `application_id`, `assigned_by_id`, `assignee_id`, `marked_as_complete_by_id`, `question_id`) VALUES (235,'2016-04-25 13:08:41',NULL,'',10,31,31,NULL,57);
INSERT INTO `question_status` (`id`, `assigned_date`, `marked_as_complete`, `notified`, `application_id`, `assigned_by_id`, `assignee_id`, `marked_as_complete_by_id`, `question_id`) VALUES (236,NULL,'',NULL,10,NULL,NULL,31,58);
INSERT INTO `question_status` (`id`, `assigned_date`, `marked_as_complete`, `notified`, `application_id`, `assigned_by_id`, `assignee_id`, `marked_as_complete_by_id`, `question_id`) VALUES (237,'2016-04-25 13:08:41',NULL,'',10,31,31,NULL,58);
INSERT INTO `question_status` (`id`, `assigned_date`, `marked_as_complete`, `notified`, `application_id`, `assigned_by_id`, `assignee_id`, `marked_as_complete_by_id`, `question_id`) VALUES (238,NULL,'',NULL,10,NULL,NULL,31,59);
INSERT INTO `question_status` (`id`, `assigned_date`, `marked_as_complete`, `notified`, `application_id`, `assigned_by_id`, `assignee_id`, `marked_as_complete_by_id`, `question_id`) VALUES (239,'2016-04-25 13:08:41',NULL,'',10,31,31,NULL,59);
INSERT INTO `question_status` (`id`, `assigned_date`, `marked_as_complete`, `notified`, `application_id`, `assigned_by_id`, `assignee_id`, `marked_as_complete_by_id`, `question_id`) VALUES (240,NULL,'',NULL,10,NULL,NULL,31,60);
INSERT INTO `question_status` (`id`, `assigned_date`, `marked_as_complete`, `notified`, `application_id`, `assigned_by_id`, `assignee_id`, `marked_as_complete_by_id`, `question_id`) VALUES (241,'2016-04-25 13:08:41',NULL,'',10,31,31,NULL,60);
INSERT INTO `question_status` (`id`, `assigned_date`, `marked_as_complete`, `notified`, `application_id`, `assigned_by_id`, `assignee_id`, `marked_as_complete_by_id`, `question_id`) VALUES (242,NULL,'',NULL,10,NULL,NULL,31,61);
INSERT INTO `question_status` (`id`, `assigned_date`, `marked_as_complete`, `notified`, `application_id`, `assigned_by_id`, `assignee_id`, `marked_as_complete_by_id`, `question_id`) VALUES (243,'2016-04-25 13:08:41',NULL,'',10,31,31,NULL,61);
INSERT INTO `question_status` (`id`, `assigned_date`, `marked_as_complete`, `notified`, `application_id`, `assigned_by_id`, `assignee_id`, `marked_as_complete_by_id`, `question_id`) VALUES (244,NULL,'',NULL,10,NULL,NULL,31,62);
INSERT INTO `question_status` (`id`, `assigned_date`, `marked_as_complete`, `notified`, `application_id`, `assigned_by_id`, `assignee_id`, `marked_as_complete_by_id`, `question_id`) VALUES (245,'2016-04-25 13:08:41',NULL,'',10,31,31,NULL,62);
INSERT INTO `question_status` (`id`, `assigned_date`, `marked_as_complete`, `notified`, `application_id`, `assigned_by_id`, `assignee_id`, `marked_as_complete_by_id`, `question_id`) VALUES (246,NULL,'',NULL,12,NULL,NULL,33,43);
INSERT INTO `question_status` (`id`, `assigned_date`, `marked_as_complete`, `notified`, `application_id`, `assigned_by_id`, `assignee_id`, `marked_as_complete_by_id`, `question_id`) VALUES (247,NULL,'',NULL,12,NULL,NULL,33,44);
INSERT INTO `question_status` (`id`, `assigned_date`, `marked_as_complete`, `notified`, `application_id`, `assigned_by_id`, `assignee_id`, `marked_as_complete_by_id`, `question_id`) VALUES (248,NULL,'',NULL,12,NULL,NULL,33,45);
INSERT INTO `question_status` (`id`, `assigned_date`, `marked_as_complete`, `notified`, `application_id`, `assigned_by_id`, `assignee_id`, `marked_as_complete_by_id`, `question_id`) VALUES (249,NULL,'',NULL,13,NULL,NULL,34,64);
INSERT INTO `question_status` (`id`, `assigned_date`, `marked_as_complete`, `notified`, `application_id`, `assigned_by_id`, `assignee_id`, `marked_as_complete_by_id`, `question_id`) VALUES (250,'2016-04-25 13:14:19',NULL,'',13,34,34,NULL,64);
INSERT INTO `question_status` (`id`, `assigned_date`, `marked_as_complete`, `notified`, `application_id`, `assigned_by_id`, `assignee_id`, `marked_as_complete_by_id`, `question_id`) VALUES (251,NULL,'',NULL,13,NULL,NULL,34,65);
INSERT INTO `question_status` (`id`, `assigned_date`, `marked_as_complete`, `notified`, `application_id`, `assigned_by_id`, `assignee_id`, `marked_as_complete_by_id`, `question_id`) VALUES (252,'2016-04-25 13:14:19',NULL,'',13,34,34,NULL,65);
INSERT INTO `question_status` (`id`, `assigned_date`, `marked_as_complete`, `notified`, `application_id`, `assigned_by_id`, `assignee_id`, `marked_as_complete_by_id`, `question_id`) VALUES (253,NULL,'',NULL,13,NULL,NULL,34,67);
INSERT INTO `question_status` (`id`, `assigned_date`, `marked_as_complete`, `notified`, `application_id`, `assigned_by_id`, `assignee_id`, `marked_as_complete_by_id`, `question_id`) VALUES (254,'2016-04-25 13:14:19',NULL,'',13,34,34,NULL,67);
INSERT INTO `question_status` (`id`, `assigned_date`, `marked_as_complete`, `notified`, `application_id`, `assigned_by_id`, `assignee_id`, `marked_as_complete_by_id`, `question_id`) VALUES (255,NULL,'',NULL,13,NULL,NULL,34,48);
INSERT INTO `question_status` (`id`, `assigned_date`, `marked_as_complete`, `notified`, `application_id`, `assigned_by_id`, `assignee_id`, `marked_as_complete_by_id`, `question_id`) VALUES (256,'2016-04-25 13:14:19',NULL,'',13,34,34,NULL,48);
INSERT INTO `question_status` (`id`, `assigned_date`, `marked_as_complete`, `notified`, `application_id`, `assigned_by_id`, `assignee_id`, `marked_as_complete_by_id`, `question_id`) VALUES (257,NULL,'',NULL,13,NULL,NULL,34,49);
INSERT INTO `question_status` (`id`, `assigned_date`, `marked_as_complete`, `notified`, `application_id`, `assigned_by_id`, `assignee_id`, `marked_as_complete_by_id`, `question_id`) VALUES (258,'2016-04-25 13:14:19',NULL,'',13,34,34,NULL,49);
INSERT INTO `question_status` (`id`, `assigned_date`, `marked_as_complete`, `notified`, `application_id`, `assigned_by_id`, `assignee_id`, `marked_as_complete_by_id`, `question_id`) VALUES (259,NULL,'',NULL,13,NULL,NULL,34,50);
INSERT INTO `question_status` (`id`, `assigned_date`, `marked_as_complete`, `notified`, `application_id`, `assigned_by_id`, `assignee_id`, `marked_as_complete_by_id`, `question_id`) VALUES (260,'2016-04-25 13:14:19',NULL,'',13,34,34,NULL,50);
INSERT INTO `question_status` (`id`, `assigned_date`, `marked_as_complete`, `notified`, `application_id`, `assigned_by_id`, `assignee_id`, `marked_as_complete_by_id`, `question_id`) VALUES (261,NULL,'',NULL,13,NULL,NULL,34,51);
INSERT INTO `question_status` (`id`, `assigned_date`, `marked_as_complete`, `notified`, `application_id`, `assigned_by_id`, `assignee_id`, `marked_as_complete_by_id`, `question_id`) VALUES (262,'2016-04-25 13:14:19',NULL,'',13,34,34,NULL,51);
INSERT INTO `question_status` (`id`, `assigned_date`, `marked_as_complete`, `notified`, `application_id`, `assigned_by_id`, `assignee_id`, `marked_as_complete_by_id`, `question_id`) VALUES (263,NULL,'',NULL,13,NULL,NULL,34,52);
INSERT INTO `question_status` (`id`, `assigned_date`, `marked_as_complete`, `notified`, `application_id`, `assigned_by_id`, `assignee_id`, `marked_as_complete_by_id`, `question_id`) VALUES (264,'2016-04-25 13:14:19',NULL,'',13,34,34,NULL,52);
INSERT INTO `question_status` (`id`, `assigned_date`, `marked_as_complete`, `notified`, `application_id`, `assigned_by_id`, `assignee_id`, `marked_as_complete_by_id`, `question_id`) VALUES (265,NULL,'',NULL,13,NULL,NULL,34,53);
INSERT INTO `question_status` (`id`, `assigned_date`, `marked_as_complete`, `notified`, `application_id`, `assigned_by_id`, `assignee_id`, `marked_as_complete_by_id`, `question_id`) VALUES (266,'2016-04-25 13:14:19',NULL,'',13,34,34,NULL,53);
INSERT INTO `question_status` (`id`, `assigned_date`, `marked_as_complete`, `notified`, `application_id`, `assigned_by_id`, `assignee_id`, `marked_as_complete_by_id`, `question_id`) VALUES (267,NULL,'',NULL,13,NULL,NULL,34,54);
INSERT INTO `question_status` (`id`, `assigned_date`, `marked_as_complete`, `notified`, `application_id`, `assigned_by_id`, `assignee_id`, `marked_as_complete_by_id`, `question_id`) VALUES (268,'2016-04-25 13:14:19',NULL,'',13,34,34,NULL,54);
INSERT INTO `question_status` (`id`, `assigned_date`, `marked_as_complete`, `notified`, `application_id`, `assigned_by_id`, `assignee_id`, `marked_as_complete_by_id`, `question_id`) VALUES (269,NULL,'',NULL,13,NULL,NULL,34,55);
INSERT INTO `question_status` (`id`, `assigned_date`, `marked_as_complete`, `notified`, `application_id`, `assigned_by_id`, `assignee_id`, `marked_as_complete_by_id`, `question_id`) VALUES (270,'2016-04-25 13:14:19',NULL,'',13,34,34,NULL,55);
INSERT INTO `question_status` (`id`, `assigned_date`, `marked_as_complete`, `notified`, `application_id`, `assigned_by_id`, `assignee_id`, `marked_as_complete_by_id`, `question_id`) VALUES (271,NULL,'',NULL,13,NULL,NULL,34,56);
INSERT INTO `question_status` (`id`, `assigned_date`, `marked_as_complete`, `notified`, `application_id`, `assigned_by_id`, `assignee_id`, `marked_as_complete_by_id`, `question_id`) VALUES (272,'2016-04-25 13:14:19',NULL,'',13,34,34,NULL,56);
INSERT INTO `question_status` (`id`, `assigned_date`, `marked_as_complete`, `notified`, `application_id`, `assigned_by_id`, `assignee_id`, `marked_as_complete_by_id`, `question_id`) VALUES (273,NULL,'',NULL,13,NULL,NULL,34,57);
INSERT INTO `question_status` (`id`, `assigned_date`, `marked_as_complete`, `notified`, `application_id`, `assigned_by_id`, `assignee_id`, `marked_as_complete_by_id`, `question_id`) VALUES (274,'2016-04-25 13:14:19',NULL,'',13,34,34,NULL,57);
INSERT INTO `question_status` (`id`, `assigned_date`, `marked_as_complete`, `notified`, `application_id`, `assigned_by_id`, `assignee_id`, `marked_as_complete_by_id`, `question_id`) VALUES (275,NULL,'',NULL,13,NULL,NULL,34,58);
INSERT INTO `question_status` (`id`, `assigned_date`, `marked_as_complete`, `notified`, `application_id`, `assigned_by_id`, `assignee_id`, `marked_as_complete_by_id`, `question_id`) VALUES (276,'2016-04-25 13:14:19',NULL,'',13,34,34,NULL,58);
INSERT INTO `question_status` (`id`, `assigned_date`, `marked_as_complete`, `notified`, `application_id`, `assigned_by_id`, `assignee_id`, `marked_as_complete_by_id`, `question_id`) VALUES (277,NULL,'',NULL,13,NULL,NULL,34,59);
INSERT INTO `question_status` (`id`, `assigned_date`, `marked_as_complete`, `notified`, `application_id`, `assigned_by_id`, `assignee_id`, `marked_as_complete_by_id`, `question_id`) VALUES (278,'2016-04-25 13:14:19',NULL,'',13,34,34,NULL,59);
INSERT INTO `question_status` (`id`, `assigned_date`, `marked_as_complete`, `notified`, `application_id`, `assigned_by_id`, `assignee_id`, `marked_as_complete_by_id`, `question_id`) VALUES (279,NULL,'',NULL,13,NULL,NULL,34,60);
INSERT INTO `question_status` (`id`, `assigned_date`, `marked_as_complete`, `notified`, `application_id`, `assigned_by_id`, `assignee_id`, `marked_as_complete_by_id`, `question_id`) VALUES (280,'2016-04-25 13:14:19',NULL,'',13,34,34,NULL,60);
INSERT INTO `question_status` (`id`, `assigned_date`, `marked_as_complete`, `notified`, `application_id`, `assigned_by_id`, `assignee_id`, `marked_as_complete_by_id`, `question_id`) VALUES (281,NULL,'',NULL,13,NULL,NULL,34,61);
INSERT INTO `question_status` (`id`, `assigned_date`, `marked_as_complete`, `notified`, `application_id`, `assigned_by_id`, `assignee_id`, `marked_as_complete_by_id`, `question_id`) VALUES (282,'2016-04-25 13:14:19',NULL,'',13,34,34,NULL,61);
INSERT INTO `question_status` (`id`, `assigned_date`, `marked_as_complete`, `notified`, `application_id`, `assigned_by_id`, `assignee_id`, `marked_as_complete_by_id`, `question_id`) VALUES (283,NULL,'',NULL,13,NULL,NULL,34,62);
INSERT INTO `question_status` (`id`, `assigned_date`, `marked_as_complete`, `notified`, `application_id`, `assigned_by_id`, `assignee_id`, `marked_as_complete_by_id`, `question_id`) VALUES (284,'2016-04-25 13:14:19',NULL,'',13,34,34,NULL,62);
INSERT INTO `question_status` (`id`, `assigned_date`, `marked_as_complete`, `notified`, `application_id`, `assigned_by_id`, `assignee_id`, `marked_as_complete_by_id`, `question_id`) VALUES (285,NULL,'',NULL,13,NULL,NULL,34,43);
INSERT INTO `question_status` (`id`, `assigned_date`, `marked_as_complete`, `notified`, `application_id`, `assigned_by_id`, `assignee_id`, `marked_as_complete_by_id`, `question_id`) VALUES (286,NULL,'',NULL,14,NULL,NULL,35,43);
INSERT INTO `question_status` (`id`, `assigned_date`, `marked_as_complete`, `notified`, `application_id`, `assigned_by_id`, `assignee_id`, `marked_as_complete_by_id`, `question_id`) VALUES (287,NULL,'',NULL,14,NULL,NULL,35,44);
INSERT INTO `question_status` (`id`, `assigned_date`, `marked_as_complete`, `notified`, `application_id`, `assigned_by_id`, `assignee_id`, `marked_as_complete_by_id`, `question_id`) VALUES (288,NULL,'',NULL,14,NULL,NULL,35,45);
INSERT INTO `question_status` (`id`, `assigned_date`, `marked_as_complete`, `notified`, `application_id`, `assigned_by_id`, `assignee_id`, `marked_as_complete_by_id`, `question_id`) VALUES (289,NULL,'',NULL,14,NULL,NULL,35,46);
INSERT INTO `question_status` (`id`, `assigned_date`, `marked_as_complete`, `notified`, `application_id`, `assigned_by_id`, `assignee_id`, `marked_as_complete_by_id`, `question_id`) VALUES (290,NULL,'',NULL,14,NULL,NULL,35,47);
INSERT INTO `question_status` (`id`, `assigned_date`, `marked_as_complete`, `notified`, `application_id`, `assigned_by_id`, `assignee_id`, `marked_as_complete_by_id`, `question_id`) VALUES (291,NULL,'',NULL,14,NULL,NULL,35,64);
INSERT INTO `question_status` (`id`, `assigned_date`, `marked_as_complete`, `notified`, `application_id`, `assigned_by_id`, `assignee_id`, `marked_as_complete_by_id`, `question_id`) VALUES (292,'2016-04-25 13:27:30',NULL,'',14,35,35,NULL,64);
INSERT INTO `question_status` (`id`, `assigned_date`, `marked_as_complete`, `notified`, `application_id`, `assigned_by_id`, `assignee_id`, `marked_as_complete_by_id`, `question_id`) VALUES (293,NULL,'',NULL,14,NULL,NULL,35,65);
INSERT INTO `question_status` (`id`, `assigned_date`, `marked_as_complete`, `notified`, `application_id`, `assigned_by_id`, `assignee_id`, `marked_as_complete_by_id`, `question_id`) VALUES (294,'2016-04-25 13:27:30',NULL,'',14,35,35,NULL,65);
INSERT INTO `question_status` (`id`, `assigned_date`, `marked_as_complete`, `notified`, `application_id`, `assigned_by_id`, `assignee_id`, `marked_as_complete_by_id`, `question_id`) VALUES (295,NULL,'',NULL,14,NULL,NULL,35,67);
INSERT INTO `question_status` (`id`, `assigned_date`, `marked_as_complete`, `notified`, `application_id`, `assigned_by_id`, `assignee_id`, `marked_as_complete_by_id`, `question_id`) VALUES (296,'2016-04-25 13:27:30',NULL,'',14,35,35,NULL,67);
INSERT INTO `question_status` (`id`, `assigned_date`, `marked_as_complete`, `notified`, `application_id`, `assigned_by_id`, `assignee_id`, `marked_as_complete_by_id`, `question_id`) VALUES (297,NULL,'',NULL,14,NULL,NULL,35,48);
INSERT INTO `question_status` (`id`, `assigned_date`, `marked_as_complete`, `notified`, `application_id`, `assigned_by_id`, `assignee_id`, `marked_as_complete_by_id`, `question_id`) VALUES (298,'2016-04-25 13:27:30',NULL,'',14,35,35,NULL,48);
INSERT INTO `question_status` (`id`, `assigned_date`, `marked_as_complete`, `notified`, `application_id`, `assigned_by_id`, `assignee_id`, `marked_as_complete_by_id`, `question_id`) VALUES (299,NULL,'',NULL,14,NULL,NULL,35,49);
INSERT INTO `question_status` (`id`, `assigned_date`, `marked_as_complete`, `notified`, `application_id`, `assigned_by_id`, `assignee_id`, `marked_as_complete_by_id`, `question_id`) VALUES (300,'2016-04-25 13:27:30',NULL,'',14,35,35,NULL,49);
INSERT INTO `question_status` (`id`, `assigned_date`, `marked_as_complete`, `notified`, `application_id`, `assigned_by_id`, `assignee_id`, `marked_as_complete_by_id`, `question_id`) VALUES (301,NULL,'',NULL,14,NULL,NULL,35,50);
INSERT INTO `question_status` (`id`, `assigned_date`, `marked_as_complete`, `notified`, `application_id`, `assigned_by_id`, `assignee_id`, `marked_as_complete_by_id`, `question_id`) VALUES (302,'2016-04-25 13:27:30',NULL,'',14,35,35,NULL,50);
INSERT INTO `question_status` (`id`, `assigned_date`, `marked_as_complete`, `notified`, `application_id`, `assigned_by_id`, `assignee_id`, `marked_as_complete_by_id`, `question_id`) VALUES (303,NULL,'',NULL,14,NULL,NULL,35,51);
INSERT INTO `question_status` (`id`, `assigned_date`, `marked_as_complete`, `notified`, `application_id`, `assigned_by_id`, `assignee_id`, `marked_as_complete_by_id`, `question_id`) VALUES (304,'2016-04-25 13:27:30',NULL,'',14,35,35,NULL,51);
INSERT INTO `question_status` (`id`, `assigned_date`, `marked_as_complete`, `notified`, `application_id`, `assigned_by_id`, `assignee_id`, `marked_as_complete_by_id`, `question_id`) VALUES (305,NULL,'',NULL,14,NULL,NULL,35,52);
INSERT INTO `question_status` (`id`, `assigned_date`, `marked_as_complete`, `notified`, `application_id`, `assigned_by_id`, `assignee_id`, `marked_as_complete_by_id`, `question_id`) VALUES (306,'2016-04-25 13:27:30',NULL,'',14,35,35,NULL,52);
INSERT INTO `question_status` (`id`, `assigned_date`, `marked_as_complete`, `notified`, `application_id`, `assigned_by_id`, `assignee_id`, `marked_as_complete_by_id`, `question_id`) VALUES (307,NULL,'',NULL,14,NULL,NULL,35,53);
INSERT INTO `question_status` (`id`, `assigned_date`, `marked_as_complete`, `notified`, `application_id`, `assigned_by_id`, `assignee_id`, `marked_as_complete_by_id`, `question_id`) VALUES (308,'2016-04-25 13:27:30',NULL,'',14,35,35,NULL,53);
INSERT INTO `question_status` (`id`, `assigned_date`, `marked_as_complete`, `notified`, `application_id`, `assigned_by_id`, `assignee_id`, `marked_as_complete_by_id`, `question_id`) VALUES (309,NULL,'',NULL,14,NULL,NULL,35,54);
INSERT INTO `question_status` (`id`, `assigned_date`, `marked_as_complete`, `notified`, `application_id`, `assigned_by_id`, `assignee_id`, `marked_as_complete_by_id`, `question_id`) VALUES (310,'2016-04-25 13:27:30',NULL,'',14,35,35,NULL,54);
INSERT INTO `question_status` (`id`, `assigned_date`, `marked_as_complete`, `notified`, `application_id`, `assigned_by_id`, `assignee_id`, `marked_as_complete_by_id`, `question_id`) VALUES (311,NULL,'',NULL,14,NULL,NULL,35,55);
INSERT INTO `question_status` (`id`, `assigned_date`, `marked_as_complete`, `notified`, `application_id`, `assigned_by_id`, `assignee_id`, `marked_as_complete_by_id`, `question_id`) VALUES (312,'2016-04-25 13:27:30',NULL,'',14,35,35,NULL,55);
INSERT INTO `question_status` (`id`, `assigned_date`, `marked_as_complete`, `notified`, `application_id`, `assigned_by_id`, `assignee_id`, `marked_as_complete_by_id`, `question_id`) VALUES (313,NULL,'',NULL,14,NULL,NULL,35,56);
INSERT INTO `question_status` (`id`, `assigned_date`, `marked_as_complete`, `notified`, `application_id`, `assigned_by_id`, `assignee_id`, `marked_as_complete_by_id`, `question_id`) VALUES (314,'2016-04-25 13:27:30',NULL,'',14,35,35,NULL,56);
INSERT INTO `question_status` (`id`, `assigned_date`, `marked_as_complete`, `notified`, `application_id`, `assigned_by_id`, `assignee_id`, `marked_as_complete_by_id`, `question_id`) VALUES (315,NULL,'',NULL,14,NULL,NULL,35,57);
INSERT INTO `question_status` (`id`, `assigned_date`, `marked_as_complete`, `notified`, `application_id`, `assigned_by_id`, `assignee_id`, `marked_as_complete_by_id`, `question_id`) VALUES (316,'2016-04-25 13:27:30',NULL,'',14,35,35,NULL,57);
INSERT INTO `question_status` (`id`, `assigned_date`, `marked_as_complete`, `notified`, `application_id`, `assigned_by_id`, `assignee_id`, `marked_as_complete_by_id`, `question_id`) VALUES (317,NULL,'',NULL,14,NULL,NULL,35,58);
INSERT INTO `question_status` (`id`, `assigned_date`, `marked_as_complete`, `notified`, `application_id`, `assigned_by_id`, `assignee_id`, `marked_as_complete_by_id`, `question_id`) VALUES (318,'2016-04-25 13:27:30',NULL,'',14,35,35,NULL,58);
INSERT INTO `question_status` (`id`, `assigned_date`, `marked_as_complete`, `notified`, `application_id`, `assigned_by_id`, `assignee_id`, `marked_as_complete_by_id`, `question_id`) VALUES (319,NULL,'',NULL,14,NULL,NULL,35,59);
INSERT INTO `question_status` (`id`, `assigned_date`, `marked_as_complete`, `notified`, `application_id`, `assigned_by_id`, `assignee_id`, `marked_as_complete_by_id`, `question_id`) VALUES (320,'2016-04-25 13:27:30',NULL,'',14,35,35,NULL,59);
INSERT INTO `question_status` (`id`, `assigned_date`, `marked_as_complete`, `notified`, `application_id`, `assigned_by_id`, `assignee_id`, `marked_as_complete_by_id`, `question_id`) VALUES (321,NULL,'',NULL,14,NULL,NULL,35,60);
INSERT INTO `question_status` (`id`, `assigned_date`, `marked_as_complete`, `notified`, `application_id`, `assigned_by_id`, `assignee_id`, `marked_as_complete_by_id`, `question_id`) VALUES (322,'2016-04-25 13:27:30',NULL,'',14,35,35,NULL,60);
INSERT INTO `question_status` (`id`, `assigned_date`, `marked_as_complete`, `notified`, `application_id`, `assigned_by_id`, `assignee_id`, `marked_as_complete_by_id`, `question_id`) VALUES (323,NULL,'',NULL,14,NULL,NULL,35,61);
INSERT INTO `question_status` (`id`, `assigned_date`, `marked_as_complete`, `notified`, `application_id`, `assigned_by_id`, `assignee_id`, `marked_as_complete_by_id`, `question_id`) VALUES (324,'2016-04-25 13:27:30',NULL,'',14,35,35,NULL,61);
INSERT INTO `question_status` (`id`, `assigned_date`, `marked_as_complete`, `notified`, `application_id`, `assigned_by_id`, `assignee_id`, `marked_as_complete_by_id`, `question_id`) VALUES (325,NULL,'',NULL,14,NULL,NULL,35,62);
INSERT INTO `question_status` (`id`, `assigned_date`, `marked_as_complete`, `notified`, `application_id`, `assigned_by_id`, `assignee_id`, `marked_as_complete_by_id`, `question_id`) VALUES (326,'2016-04-25 13:27:30',NULL,'',14,35,35,NULL,62);
INSERT INTO `question_status` (`id`, `assigned_date`, `marked_as_complete`, `notified`, `application_id`, `assigned_by_id`, `assignee_id`, `marked_as_complete_by_id`, `question_id`) VALUES (327,NULL,'',NULL,14,NULL,NULL,36,64);
INSERT INTO `question_status` (`id`, `assigned_date`, `marked_as_complete`, `notified`, `application_id`, `assigned_by_id`, `assignee_id`, `marked_as_complete_by_id`, `question_id`) VALUES (328,NULL,'',NULL,14,NULL,NULL,36,65);
INSERT INTO `question_status` (`id`, `assigned_date`, `marked_as_complete`, `notified`, `application_id`, `assigned_by_id`, `assignee_id`, `marked_as_complete_by_id`, `question_id`) VALUES (329,NULL,'',NULL,14,NULL,NULL,36,67);
INSERT INTO `question_status` (`id`, `assigned_date`, `marked_as_complete`, `notified`, `application_id`, `assigned_by_id`, `assignee_id`, `marked_as_complete_by_id`, `question_id`) VALUES (330,NULL,'',NULL,14,NULL,NULL,36,48);
INSERT INTO `question_status` (`id`, `assigned_date`, `marked_as_complete`, `notified`, `application_id`, `assigned_by_id`, `assignee_id`, `marked_as_complete_by_id`, `question_id`) VALUES (331,NULL,'',NULL,14,NULL,NULL,36,49);
INSERT INTO `question_status` (`id`, `assigned_date`, `marked_as_complete`, `notified`, `application_id`, `assigned_by_id`, `assignee_id`, `marked_as_complete_by_id`, `question_id`) VALUES (332,NULL,'',NULL,14,NULL,NULL,36,50);
INSERT INTO `question_status` (`id`, `assigned_date`, `marked_as_complete`, `notified`, `application_id`, `assigned_by_id`, `assignee_id`, `marked_as_complete_by_id`, `question_id`) VALUES (333,NULL,'',NULL,14,NULL,NULL,36,51);
INSERT INTO `question_status` (`id`, `assigned_date`, `marked_as_complete`, `notified`, `application_id`, `assigned_by_id`, `assignee_id`, `marked_as_complete_by_id`, `question_id`) VALUES (334,NULL,'',NULL,14,NULL,NULL,36,52);
INSERT INTO `question_status` (`id`, `assigned_date`, `marked_as_complete`, `notified`, `application_id`, `assigned_by_id`, `assignee_id`, `marked_as_complete_by_id`, `question_id`) VALUES (335,NULL,'',NULL,14,NULL,NULL,36,53);
INSERT INTO `question_status` (`id`, `assigned_date`, `marked_as_complete`, `notified`, `application_id`, `assigned_by_id`, `assignee_id`, `marked_as_complete_by_id`, `question_id`) VALUES (336,NULL,'',NULL,14,NULL,NULL,36,54);
INSERT INTO `question_status` (`id`, `assigned_date`, `marked_as_complete`, `notified`, `application_id`, `assigned_by_id`, `assignee_id`, `marked_as_complete_by_id`, `question_id`) VALUES (337,NULL,'',NULL,14,NULL,NULL,36,55);
INSERT INTO `question_status` (`id`, `assigned_date`, `marked_as_complete`, `notified`, `application_id`, `assigned_by_id`, `assignee_id`, `marked_as_complete_by_id`, `question_id`) VALUES (338,NULL,'',NULL,14,NULL,NULL,36,56);
INSERT INTO `question_status` (`id`, `assigned_date`, `marked_as_complete`, `notified`, `application_id`, `assigned_by_id`, `assignee_id`, `marked_as_complete_by_id`, `question_id`) VALUES (339,NULL,'',NULL,14,NULL,NULL,36,57);
INSERT INTO `question_status` (`id`, `assigned_date`, `marked_as_complete`, `notified`, `application_id`, `assigned_by_id`, `assignee_id`, `marked_as_complete_by_id`, `question_id`) VALUES (340,NULL,'',NULL,14,NULL,NULL,36,58);
INSERT INTO `question_status` (`id`, `assigned_date`, `marked_as_complete`, `notified`, `application_id`, `assigned_by_id`, `assignee_id`, `marked_as_complete_by_id`, `question_id`) VALUES (341,NULL,'',NULL,14,NULL,NULL,36,59);
INSERT INTO `question_status` (`id`, `assigned_date`, `marked_as_complete`, `notified`, `application_id`, `assigned_by_id`, `assignee_id`, `marked_as_complete_by_id`, `question_id`) VALUES (342,NULL,'',NULL,14,NULL,NULL,36,60);
INSERT INTO `question_status` (`id`, `assigned_date`, `marked_as_complete`, `notified`, `application_id`, `assigned_by_id`, `assignee_id`, `marked_as_complete_by_id`, `question_id`) VALUES (343,NULL,'',NULL,14,NULL,NULL,36,61);
INSERT INTO `question_status` (`id`, `assigned_date`, `marked_as_complete`, `notified`, `application_id`, `assigned_by_id`, `assignee_id`, `marked_as_complete_by_id`, `question_id`) VALUES (344,NULL,'',NULL,14,NULL,NULL,36,62);
INSERT INTO `question_status` (`id`, `assigned_date`, `marked_as_complete`, `notified`, `application_id`, `assigned_by_id`, `assignee_id`, `marked_as_complete_by_id`, `question_id`) VALUES (345,NULL,'',NULL,14,NULL,NULL,37,64);
INSERT INTO `question_status` (`id`, `assigned_date`, `marked_as_complete`, `notified`, `application_id`, `assigned_by_id`, `assignee_id`, `marked_as_complete_by_id`, `question_id`) VALUES (346,NULL,'',NULL,14,NULL,NULL,37,65);
INSERT INTO `question_status` (`id`, `assigned_date`, `marked_as_complete`, `notified`, `application_id`, `assigned_by_id`, `assignee_id`, `marked_as_complete_by_id`, `question_id`) VALUES (347,NULL,'',NULL,14,NULL,NULL,37,67);
INSERT INTO `question_status` (`id`, `assigned_date`, `marked_as_complete`, `notified`, `application_id`, `assigned_by_id`, `assignee_id`, `marked_as_complete_by_id`, `question_id`) VALUES (348,NULL,'',NULL,14,NULL,NULL,37,48);
INSERT INTO `question_status` (`id`, `assigned_date`, `marked_as_complete`, `notified`, `application_id`, `assigned_by_id`, `assignee_id`, `marked_as_complete_by_id`, `question_id`) VALUES (349,NULL,'',NULL,14,NULL,NULL,37,49);
INSERT INTO `question_status` (`id`, `assigned_date`, `marked_as_complete`, `notified`, `application_id`, `assigned_by_id`, `assignee_id`, `marked_as_complete_by_id`, `question_id`) VALUES (350,NULL,'',NULL,14,NULL,NULL,37,50);
INSERT INTO `question_status` (`id`, `assigned_date`, `marked_as_complete`, `notified`, `application_id`, `assigned_by_id`, `assignee_id`, `marked_as_complete_by_id`, `question_id`) VALUES (351,NULL,'',NULL,14,NULL,NULL,37,51);
INSERT INTO `question_status` (`id`, `assigned_date`, `marked_as_complete`, `notified`, `application_id`, `assigned_by_id`, `assignee_id`, `marked_as_complete_by_id`, `question_id`) VALUES (352,NULL,'',NULL,14,NULL,NULL,37,52);
INSERT INTO `question_status` (`id`, `assigned_date`, `marked_as_complete`, `notified`, `application_id`, `assigned_by_id`, `assignee_id`, `marked_as_complete_by_id`, `question_id`) VALUES (353,NULL,'',NULL,14,NULL,NULL,37,53);
INSERT INTO `question_status` (`id`, `assigned_date`, `marked_as_complete`, `notified`, `application_id`, `assigned_by_id`, `assignee_id`, `marked_as_complete_by_id`, `question_id`) VALUES (354,NULL,'',NULL,14,NULL,NULL,37,54);
INSERT INTO `question_status` (`id`, `assigned_date`, `marked_as_complete`, `notified`, `application_id`, `assigned_by_id`, `assignee_id`, `marked_as_complete_by_id`, `question_id`) VALUES (355,NULL,'',NULL,14,NULL,NULL,37,55);
INSERT INTO `question_status` (`id`, `assigned_date`, `marked_as_complete`, `notified`, `application_id`, `assigned_by_id`, `assignee_id`, `marked_as_complete_by_id`, `question_id`) VALUES (356,NULL,'',NULL,14,NULL,NULL,37,56);
INSERT INTO `question_status` (`id`, `assigned_date`, `marked_as_complete`, `notified`, `application_id`, `assigned_by_id`, `assignee_id`, `marked_as_complete_by_id`, `question_id`) VALUES (357,NULL,'',NULL,14,NULL,NULL,37,57);
INSERT INTO `question_status` (`id`, `assigned_date`, `marked_as_complete`, `notified`, `application_id`, `assigned_by_id`, `assignee_id`, `marked_as_complete_by_id`, `question_id`) VALUES (358,NULL,'',NULL,14,NULL,NULL,37,58);
INSERT INTO `question_status` (`id`, `assigned_date`, `marked_as_complete`, `notified`, `application_id`, `assigned_by_id`, `assignee_id`, `marked_as_complete_by_id`, `question_id`) VALUES (359,NULL,'',NULL,14,NULL,NULL,37,59);
INSERT INTO `question_status` (`id`, `assigned_date`, `marked_as_complete`, `notified`, `application_id`, `assigned_by_id`, `assignee_id`, `marked_as_complete_by_id`, `question_id`) VALUES (360,NULL,'',NULL,14,NULL,NULL,37,60);
INSERT INTO `question_status` (`id`, `assigned_date`, `marked_as_complete`, `notified`, `application_id`, `assigned_by_id`, `assignee_id`, `marked_as_complete_by_id`, `question_id`) VALUES (361,NULL,'',NULL,14,NULL,NULL,37,61);
INSERT INTO `question_status` (`id`, `assigned_date`, `marked_as_complete`, `notified`, `application_id`, `assigned_by_id`, `assignee_id`, `marked_as_complete_by_id`, `question_id`) VALUES (362,NULL,'',NULL,14,NULL,NULL,37,62);
INSERT INTO `question_status` (`id`, `assigned_date`, `marked_as_complete`, `notified`, `application_id`, `assigned_by_id`, `assignee_id`, `marked_as_complete_by_id`, `question_id`) VALUES (363,NULL,'',NULL,15,NULL,NULL,38,43);


INSERT INTO `user_organisation` (`user_id`, `organisation_id`) VALUES (18,12);
INSERT INTO `user_organisation` (`user_id`, `organisation_id`) VALUES (19,13);
INSERT INTO `user_organisation` (`user_id`, `organisation_id`) VALUES (20,14);
INSERT INTO `user_organisation` (`user_id`, `organisation_id`) VALUES (21,15);
INSERT INTO `user_organisation` (`user_id`, `organisation_id`) VALUES (22,16);
INSERT INTO `user_organisation` (`user_id`, `organisation_id`) VALUES (23,17);
INSERT INTO `user_organisation` (`user_id`, `organisation_id`) VALUES (24,18);
INSERT INTO `user_organisation` (`user_id`, `organisation_id`) VALUES (25,19);
INSERT INTO `user_organisation` (`user_id`, `organisation_id`) VALUES (26,20);


INSERT INTO `user_role` (`user_id`, `role_id`) VALUES (18,4);
INSERT INTO `user_role` (`user_id`, `role_id`) VALUES (19,4);
INSERT INTO `user_role` (`user_id`, `role_id`) VALUES (20,4);
INSERT INTO `user_role` (`user_id`, `role_id`) VALUES (21,4);
INSERT INTO `user_role` (`user_id`, `role_id`) VALUES (22,4);
INSERT INTO `user_role` (`user_id`, `role_id`) VALUES (23,4);
INSERT INTO `user_role` (`user_id`, `role_id`) VALUES (24,4);
INSERT INTO `user_role` (`user_id`, `role_id`) VALUES (25,4);
INSERT INTO `user_role` (`user_id`, `role_id`) VALUES (26,4);


INSERT INTO `file_entry` (`id`, `filesize_bytes`, `media_type`, `name`) VALUES (6,8425,'application/pdf','test1.pdf');
INSERT INTO `file_entry` (`id`, `filesize_bytes`, `media_type`, `name`) VALUES (7,8425,'application/pdf','test1.pdf');


