load-assessor1@load.test,Passw0rd,23,279,700,701,702,703,704,705,706,707,708,709,710,711,712,713
load-assessor1@load.test,Passw0rd,23,280,700,701,702,703,704,705,706,707,708,709,710,711,712,713
load-assessor1@load.test,Passw0rd,23,281,700,701,702,703,704,705,706,707,708,709,710,711,712,713
load-assessor1@load.test,Passw0rd,23,282,700,701,702,703,704,705,706,707,708,709,710,711,712,713
load-assessor1@load.test,Passw0rd,23,283,700,701,702,703,704,705,706,707,708,709,710,711,712,713
load-assessor1@load.test,Passw0rd,23,284,700,701,702,703,704,705,706,707,708,709,710,711,712,713
load-assessor1@load.test,Passw0rd,23,285,700,701,702,703,704,705,706,707,708,709,710,711,712,713
load-assessor1@load.test,Passw0rd,23,286,700,701,702,703,704,705,706,707,708,709,710,711,712,713
load-assessor1@load.test,Passw0rd,23,287,700,701,702,703,704,705,706,707,708,709,710,711,712,713
load-assessor1@load.test,Passw0rd,23,288,700,701,702,703,704,705,706,707,708,709,710,711,712,713
load-assessor2@load.test,Passw0rd,23,289,700,701,702,703,704,705,706,707,708,709,710,711,712,713
load-assessor2@load.test,Passw0rd,23,290,700,701,702,703,704,705,706,707,708,709,710,711,712,713
load-assessor2@load.test,Passw0rd,23,291,700,701,702,703,704,705,706,707,708,709,710,711,712,713
load-assessor2@load.test,Passw0rd,23,292,700,701,702,703,704,705,706,707,708,709,710,711,712,713
load-assessor2@load.test,Passw0rd,23,293,700,701,702,703,704,705,706,707,708,709,710,711,712,713
load-assessor2@load.test,Passw0rd,23,294,700,701,702,703,704,705,706,707,708,709,710,711,712,713
load-assessor2@load.test,Passw0rd,23,295,700,701,702,703,704,705,706,707,708,709,710,711,712,713
load-assessor2@load.test,Passw0rd,23,296,700,701,702,703,704,705,706,707,708,709,710,711,712,713
load-assessor2@load.test,Passw0rd,23,297,700,701,702,703,704,705,706,707,708,709,710,711,712,713
load-assessor2@load.test,Passw0rd,23,298,700,701,702,703,704,705,706,707,708,709,710,711,712,713
load-assessor3@load.test,Passw0rd,23,299,700,701,702,703,704,705,706,707,708,709,710,711,712,713
load-assessor3@load.test,Passw0rd,23,300,700,701,702,703,704,705,706,707,708,709,710,711,712,713
load-assessor3@load.test,Passw0rd,23,301,700,701,702,703,704,705,706,707,708,709,710,711,712,713
load-assessor3@load.test,Passw0rd,23,302,700,701,702,703,704,705,706,707,708,709,710,711,712,713
load-assessor3@load.test,Passw0rd,23,303,700,701,702,703,704,705,706,707,708,709,710,711,712,713
load-assessor3@load.test,Passw0rd,23,304,700,701,702,703,704,705,706,707,708,709,710,711,712,713
load-assessor3@load.test,Passw0rd,23,305,700,701,702,703,704,705,706,707,708,709,710,711,712,713
load-assessor3@load.test,Passw0rd,23,306,700,701,702,703,704,705,706,707,708,709,710,711,712,713
load-assessor3@load.test,Passw0rd,23,307,700,701,702,703,704,705,706,707,708,709,710,711,712,713
load-assessor3@load.test,Passw0rd,23,308,700,701,702,703,704,705,706,707,708,709,710,711,712,713
load-assessor4@load.test,Passw0rd,23,309,700,701,702,703,704,705,706,707,708,709,710,711,712,713
load-assessor4@load.test,Passw0rd,23,310,700,701,702,703,704,705,706,707,708,709,710,711,712,713
load-assessor4@load.test,Passw0rd,23,311,700,701,702,703,704,705,706,707,708,709,710,711,712,713
load-assessor4@load.test,Passw0rd,23,312,700,701,702,703,704,705,706,707,708,709,710,711,712,713
load-assessor4@load.test,Passw0rd,23,313,700,701,702,703,704,705,706,707,708,709,710,711,712,713
load-assessor4@load.test,Passw0rd,23,314,700,701,702,703,704,705,706,707,708,709,710,711,712,713
load-assessor4@load.test,Passw0rd,23,315,700,701,702,703,704,705,706,707,708,709,710,711,712,713
load-assessor4@load.test,Passw0rd,23,316,700,701,702,703,704,705,706,707,708,709,710,711,712,713
load-assessor4@load.test,Passw0rd,23,317,700,701,702,703,704,705,706,707,708,709,710,711,712,713
load-assessor4@load.test,Passw0rd,23,318,700,701,702,703,704,705,706,707,708,709,710,711,712,713
load-assessor5@load.test,Passw0rd,23,319,700,701,702,703,704,705,706,707,708,709,710,711,712,713
load-assessor5@load.test,Passw0rd,23,320,700,701,702,703,704,705,706,707,708,709,710,711,712,713
load-assessor5@load.test,Passw0rd,23,321,700,701,702,703,704,705,706,707,708,709,710,711,712,713
load-assessor5@load.test,Passw0rd,23,322,700,701,702,703,704,705,706,707,708,709,710,711,712,713
load-assessor5@load.test,Passw0rd,23,323,700,701,702,703,704,705,706,707,708,709,710,711,712,713
load-assessor5@load.test,Passw0rd,23,324,700,701,702,703,704,705,706,707,708,709,710,711,712,713
load-assessor5@load.test,Passw0rd,23,325,700,701,702,703,704,705,706,707,708,709,710,711,712,713
load-assessor5@load.test,Passw0rd,23,326,700,701,702,703,704,705,706,707,708,709,710,711,712,713
load-assessor5@load.test,Passw0rd,23,327,700,701,702,703,704,705,706,707,708,709,710,711,712,713
load-assessor5@load.test,Passw0rd,23,328,700,701,702,703,704,705,706,707,708,709,710,711,712,713
