peter.styles@load.example.com,Passw0rd,81,11,358,359,360,364,365,370,371,157,168,885,886,899,903,923,927,2195,384,2187,389
jessica.mason@load.example.com,Passw0rd,82,11,358,359,360,364,365,370,371,157,168,885,886,899,903,923,927,2208,384,2200,389
malcom.jones@load.example.com,Passw0rd,83,11,358,359,360,364,365,370,371,157,168,885,886,899,903,923,927,2221,384,2213,389
bethany.timpson@load.example.com,Passw0rd,84,11,358,359,360,364,365,370,371,157,168,885,886,899,903,923,927,2234,384,2226,389
derik.arnold@load.example.com,Passw0rd,85,11,358,359,360,364,365,370,371,157,168,885,886,899,903,923,927,2247,384,2239,389
sarah.james@load.example.com,Passw0rd,86,11,358,359,360,364,365,370,371,157,168,885,886,899,903,923,927,2260,384,2252,389
richard.williams@load.example.com,Passw0rd,87,11,358,359,360,364,365,370,371,157,168,885,886,899,903,923,927,2273,384,2265,389
karen.smith@load.example.com,Passw0rd,88,11,358,359,360,364,365,370,371,157,168,885,886,899,903,923,927,2286,384,2278,389
simon.lightfoot@load.example.com,Passw0rd,89,11,358,359,360,364,365,370,371,157,168,885,886,899,903,923,927,2299,384,2291,389
mary.evans@load.example.com,Passw0rd,90,11,358,359,360,364,365,370,371,157,168,885,886,899,903,923,927,2312,384,2304,389
mike.ericsson@load.example.com,Passw0rd,91,11,358,359,360,364,365,370,371,157,168,885,886,899,903,923,927,2325,384,2317,389
helen.rhodes@load.example.com,Passw0rd,92,11,358,359,360,364,365,370,371,157,168,885,886,899,903,923,927,2338,384,2330,389
david.wellington@load.example.com,Passw0rd,93,11,358,359,360,364,365,370,371,157,168,885,886,899,903,923,927,2351,384,2343,389
felicity.jefferies@load.example.com,Passw0rd,94,11,358,359,360,364,365,370,371,157,168,885,886,899,903,923,927,2364,384,2356,389
